Date,bitcoin,gold,pred_bidcoin,pred_gold
2016/9/11,621.65,,611.0842857142858,
2016/9/12,609.67,1324.6,609.6457142857143,
2016/9/13,610.92,1323.65,609.72,
2016/9/14,608.82,1321.75,609.3971428571429,
2016/9/15,610.38,1310.8,607.9771428571429,
2016/9/16,609.11,1308.35,606.1257142857143,
2016/9/17,607.04,,603.9785714285715,
2016/9/18,611.58,,603.5271428571428,
2016/9/19,610.19,1314.85,602.1214285714286,
2016/9/20,608.66,1313.8,600.5199999999999,
2016/9/21,598.88,1326.1,600.1342857142857,
2016/9/22,597.42,1339.1,601.1042857142857,
2016/9/23,594.08,1338.65,602.0228571428572,
2016/9/24,603.88,,604.21,
2016/9/25,601.74,,605.7728571428571,
2016/9/26,598.98,1340.5,607.3785714285714,
2016/9/27,605.96,1327.0,609.2171428571429,
2016/9/28,605.67,1322.5,609.74,
2016/9/29,603.85,1318.1,609.9557142857142,
2016/9/30,609.39,1322.5,611.1314285714286,
2016/10/1,614.82,,612.2485714285714,
2016/10/2,612.98,,612.2371428571429,
2016/10/3,611.85,1313.3,612.6185714285714,
2016/10/4,609.62,1283.3,613.4314285714287,
2016/10/5,607.18,1269.4,614.1671428571428,
2016/10/6,612.08,1254.5,618.1428571428571,
2016/10/7,617.21,1258.75,621.5542857142857,
2016/10/8,614.74,,623.9557142857144,
2016/10/9,615.65,,627.2700000000001,
2016/10/10,617.54,1259.5,630.9514285714286,
2016/10/11,614.77,1253.45,634.0128571428571,
2016/10/12,635.01,1256.5,637.0871428571429,
2016/10/13,635.96,1261.05,636.2642857142857,
2016/10/14,634.02,1251.75,635.0871428571429,
2016/10/15,637.94,,634.7871428571428,
2016/10/16,641.42,,637.2928571428571,
2016/10/17,638.97,1254.8,638.9828571428571,
2016/10/18,636.29,1258.2,640.7571428571429,
2016/10/19,629.25,1269.05,643.4742857142857,
2016/10/20,627.72,1271.65,646.6457142857142,
2016/10/21,631.92,1266.05,654.4314285714287,
2016/10/22,655.48,,662.397142857143,
2016/10/23,653.25,,666.7442857142858,
2016/10/24,651.39,1265.55,673.1371428571427,
2016/10/25,655.31,1269.4,680.3671428571428,
2016/10/26,651.45,1270.5,686.3242857142858,
2016/10/27,682.22,1266.25,698.0214285714285,
2016/10/28,687.68,1273.0,698.5857142857143,
2016/10/29,685.91,,698.0157142857144,
2016/10/30,698.0,,700.7128571428573,
2016/10/31,702.0,1272.0,702.7128571428572,
2016/11/1,697.01,1288.45,703.85,
2016/11/2,733.33,1303.75,705.5585714285716,
2016/11/3,686.17,1301.0,703.7871428571428,
2016/11/4,683.69,1302.8,708.8342857142858,
2016/11/5,704.79,,713.3714285714285,
2016/11/6,712.0,,713.2171428571429,
2016/11/7,709.96,1283.05,711.8285714285714,
2016/11/8,708.97,1282.35,711.3285714285714,
2016/11/9,720.93,1281.4,711.6057142857143,
2016/11/10,721.5,1267.5,710.2914285714285,
2016/11/11,715.45,1236.45,712.5,
2016/11/12,703.71,,717.0814285714285,
2016/11/13,702.28,,723.5485714285714,
2016/11/14,706.46,1213.6,727.3742857142855,
2016/11/15,710.91,1226.95,731.9557142857142,
2016/11/16,711.73,1229.2,735.6785714285714,
2016/11/17,736.96,1226.75,739.95,
2016/11/18,747.52,1211.0,740.0200000000001,
2016/11/19,748.98,,738.3228571428572,
2016/11/20,729.06,,736.1357142857144,
2016/11/21,738.53,1214.25,735.9785714285714,
2016/11/22,736.97,1212.25,734.3757142857141,
2016/11/23,741.63,1185.35,733.7671428571429,
2016/11/24,737.45,1186.1,733.9185714285715,
2016/11/25,735.64,1187.7,734.5757142857143,
2016/11/26,733.67,,739.8314285714287,
2016/11/27,727.96,,744.2114285714287,
2016/11/28,727.31,1187.0,749.2128571428573,
2016/11/29,732.71,1186.55,753.1157142857143,
2016/11/30,742.69,1178.1,756.5314285714286,
2016/12/1,742.05,1161.85,758.8599999999999,
2016/12/2,772.43,1173.5,762.8128571428572,
2016/12/3,764.33,,762.4685714285715,
2016/12/4,762.97,,763.147142857143,
2016/12/5,754.63,1162.2,765.1514285714286,
2016/12/6,756.62,1172.5,768.3471428571429,
2016/12/7,758.99,1177.65,771.3999999999999,
2016/12/8,769.72,1171.05,773.6714285714287,
2016/12/9,770.02,1163.6,774.6757142857143,
2016/12/10,769.08,,775.512857142857,
2016/12/11,777.0,,778.3157142857142,
2016/12/12,777.0,1156.1,779.9442857142857,
2016/12/13,777.99,1158.55,781.6114285714285,
2016/12/14,774.89,1162.25,783.7685714285715,
2016/12/15,776.75,1126.95,790.8142857142857,
2016/12/16,775.88,1131.6,799.1314285714287,
2016/12/17,788.7,,817.0500000000001,
2016/12/18,788.4,,831.7514285714285,
2016/12/19,788.67,1136.25,846.6371428571429,
2016/12/20,793.09,1125.7,862.1600000000001,
2016/12/21,824.21,1133.65,881.7714285714285,
2016/12/22,834.97,1131.35,896.9328571428571,
2016/12/23,901.31,,915.277142857143,
2016/12/24,891.61,,922.54,
2016/12/25,892.6,,932.0414285714286,
2016/12/26,897.33,,947.0585714285714,
2016/12/27,930.37,,964.007142857143,
2016/12/28,930.34,1134.6,975.8714285714286,
2016/12/29,963.38,1145.9,1003.9314285714287,
2016/12/30,952.15,,1008.4014285714286,
2016/12/31,958.12,,1015.1871428571429,
2017/1/1,997.72,,1006.4314285714285,
2017/1/2,1015.97,,993.6342857142856,
2017/1/3,1013.42,1151.0,978.5657142857143,
2017/1/4,1126.76,1164.25,963.2271428571429,
2017/1/5,994.67,1176.7,914.4357142857143,
2017/1/6,999.65,1175.85,883.9,
2017/1/7,896.83,,859.1342857142857,
2017/1/8,908.14,,847.86,
2017/1/9,910.49,1178.5,835.2042857142858,
2017/1/10,906.05,1189.5,823.777142857143,
2017/1/11,785.22,1178.55,823.4614285714285,
2017/1/12,780.92,1205.05,840.8014285714287,
2017/1/13,826.29,1190.35,857.2126964285716,
2017/1/14,817.91,,866.8314232142857,
2017/1/15,819.55,,877.9357089285714,
2017/1/16,830.5,1203.0,892.0862267857143,
2017/1/17,903.84,1216.05,905.1681714285714,
2017/1/18,906.6,1214.75,907.4724571428571,
2017/1/19,895.798875,1196.05,905.5361178571429,
2017/1/20,893.6210875,1200.55,908.4157428571427,
2017/1/21,895.64,,911.4770160714286,
2017/1/22,918.603625,,915.0016232142858,
2017/1/23,922.0736125,1212.85,914.620105357143,
2017/1/24,919.97,1216.8,913.2081607142858,
2017/1/25,893.045625,1195.0,919.5990285714286,
2017/1/26,915.95625,1189.7,931.9787785714286,
2017/1/27,915.05,1184.85,941.6164571428571,
2017/1/28,920.31225,,955.6131714285714,
2017/1/29,915.933,,971.4256232857143,
2017/1/30,912.19,1192.8,988.3023375714284,
2017/1/31,964.706075,1212.8,1004.2771590000001,
2017/2/1,979.703875,1203.65,1016.4777197142857,
2017/2/2,983.42,1221.95,1026.9257375714285,
2017/2/3,1013.027,1215.2,1025.8804518571428,
2017/2/4,1030.999413,,1023.8913804285714,
2017/2/5,1034.07,,1019.1186071428572,
2017/2/6,1024.01375,1226.75,1014.3378392857143,
2017/2/7,1050.11,1231.0,1010.8897857142857,
2017/2/8,1052.84,1242.1,1003.902642857143,
2017/2/9,976.103,1236.8,998.1149268571428,
2017/2/10,999.1035,1228.3,1006.5585161428572,
2017/2/11,997.59,,1011.715159,
2017/2/12,1000.604625,,1020.1504644285715,
2017/2/13,999.877375,1222.25,1027.6039874285714,
2017/2/14,1001.2,1230.75,1034.8886481428572,
2017/2/15,1012.325988,1224.4,1052.4012808571429,
2017/2/16,1035.208125,1240.55,1068.243738,
2017/2/17,1035.2,1241.95,1081.786863,
2017/2/18,1056.637138,,1101.7391844285714,
2017/2/19,1052.779286,,1115.1632667142858,
2017/2/20,1050.87,1237.3,1129.1047972857143,
2017/2/21,1123.788429,1233.2,1149.087933,
2017/2/22,1123.223188,1236.65,1158.1989125714285,
2017/2/23,1130.01,1247.9,1167.8656,
2017/2/24,1174.86625,1253.65,1186.3514310000003,
2017/2/25,1150.605714,,1202.1048238571427,
2017/2/26,1150.37,,1221.5897218571429,
2017/2/27,1190.75195,1257.2,1238.8130504285714,
2017/2/28,1187.565286,1255.6,1250.8766825714285,
2017/3/1,1190.89,1240.4,1264.010213142857,
2017/3/2,1259.410817,1238.1,1259.224970285714,
2017/3/3,1285.14,1226.5,1249.661874,
2017/3/4,1287.0,,1236.3690168571427,
2017/3/5,1270.9333,,1220.9632847142857,
2017/3/6,1275.197375,1230.95,1214.7577597142858,
2017/3/7,1279.5,1216.65,1207.9695632857145,
2017/3/8,1157.3933,1209.2,1203.0939612857144,
2017/3/9,1192.469143,1206.55,1217.3805791428572,
2017/3/10,1192.09,1202.65,1226.599273,
2017/3/11,1179.159875,,1212.182399857143,
2017/3/12,1227.494625,,1179.7641837857143,
2017/3/13,1227.68,1204.2,1142.649237357143,
2017/3/14,1245.370786,1204.6,1117.1355927857144,
2017/3/15,1257.399625,1198.8,1099.029772357143,
2017/3/16,1257.0,1229.35,1078.4012545,
2017/3/17,1091.171888,1229.6,1047.2282545,
2017/3/18,952.2323625,,1025.9065154,
2017/3/19,967.69,,1022.4347493285715,
2017/3/20,1049.084488,1232.4,1020.8770796857143,
2017/3/21,1118.630043,1241.6,1019.183474257143,
2017/3/22,1113.0,1249.05,1008.0991824,
2017/3/23,1038.789,1247.5,997.7528252571428,
2017/3/24,941.9197143,1247.5,997.6264752571429,
2017/3/25,927.93,,1010.8865160714286,
2017/3/26,956.7863125,,1033.6007404999998,
2017/3/27,1037.22925,1257.55,1053.9411422857142,
2017/3/28,1041.04,1257.25,1060.0498208571428,
2017/3/29,1040.5755,1251.1,1074.4155869999997,
2017/3/30,1037.90455,1248.8,1087.6304175714286,
2017/3/31,1034.74,1244.85,1101.2911961428572,
2017/4/1,1086.929571,,1123.536089,
2017/4/2,1099.169125,,1136.9961271428572,
2017/4/3,1079.99,1247.25,1149.1191092857143,
2017/4/4,1141.600363,1257.65,1167.3698057142858,
2017/4/5,1133.079314,1245.8,1179.515045,
2017/4/6,1133.53,1252.5,1191.8022858571428,
2017/4/7,1190.45425,1266.45,1198.4442448571428,
2017/4/8,1181.149838,,1197.7022172857144,
2017/4/9,1184.03,,1196.1608118571428,
2017/4/10,1207.744875,1250.05,1196.5747279999998,
2017/4/11,1226.617038,1252.9,1196.2732994285714,
2017/4/12,1219.09,1274.3,1189.1808654285712,
2017/4/13,1180.023713,1284.15,1189.0151637142858,
2017/4/14,1185.260057,,1197.8241082857144,
2017/4/15,1170.36,,1205.1626715714285,
2017/4/16,1186.927413,,1218.155703714286,
2017/4/17,1205.634875,,1228.307232285714,
2017/4/18,1176.97,1278.95,1233.3365358571427,
2017/4/19,1217.930088,1279.05,1247.9714912857144,
2017/4/20,1241.686325,1282.1,1260.997175142857,
2017/4/21,1236.63,1281.85,1267.6162715714286,
2017/4/22,1261.311225,,1281.1397614285713,
2017/4/23,1257.988113,,1291.6637347142857,
2017/4/24,1240.84,1269.4,1302.3797185714284,
2017/4/25,1279.414688,1267.8,1327.5701204285713,
2017/4/26,1309.109875,1261.85,1352.2360632857142,
2017/4/27,1288.02,1262.8,1372.013224,
2017/4/28,1331.294429,1266.45,1403.4806704285713,
2017/4/29,1334.979038,,1432.343619285714,
2017/4/30,1333.0,,1458.5966138571428,
2017/5/1,1417.172813,,1487.577818,
2017/5/2,1452.076288,1255.45,1519.498734,
2017/5/3,1447.55,1250.3,1547.930692857143,
2017/5/4,1508.292125,1228.45,1592.9787285714285,
2017/5/5,1533.335071,1228.05,1637.6499339999998,
2017/5/6,1518.75,,1679.887781,
2017/5/7,1535.868429,,1716.054925714286,
2017/5/8,1640.619225,1229.8,1750.404650142857,
2017/5/9,1651.1,1220.4,1770.3161894285715,
2017/5/10,1762.88625,1222.95,1782.877900142857,
2017/5/11,1820.990563,1223.15,1789.249159142857,
2017/5/12,1829.0,1231.25,1783.9619358571429,
2017/5/13,1771.920013,,1802.8934341428571,
2017/5/14,1776.3165,,1843.0348305714288,
2017/5/15,1780.0,1233.3,1876.2524734285714,
2017/5/16,1739.031975,1234.2,1920.632803857143,
2017/5/17,1807.485063,1257.4,1999.01542,
2017/5/18,1783.98,1255.9,2063.134696714286,
2017/5/19,1961.520488,1252.0,2149.3098804285714,
2017/5/20,2052.909788,,2185.0893617142856,
2017/5/21,2008.84,,2217.505106285714,
2017/5/22,2090.662313,1258.85,2243.810934857143,
2017/5/23,2287.710288,1260.2,2270.277847285714,
2017/5/24,2256.32,1252.55,2270.607806142857,
2017/5/25,2387.206286,1256.95,2274.8383652857146,
2017/5/26,2211.976857,1265.05,2276.557848857143,
2017/5/27,2279.82,,2304.8368692857143,
2017/5/28,2192.9808,,2339.971891857143,
2017/5/29,2275.9307,,2386.142226571428,
2017/5/30,2290.02,1262.7,2422.3706979999997,
2017/5/31,2285.933914,1266.2,2507.1269404285713,
2017/6/1,2399.242671,1264.85,2561.2679331428576,
2017/6/2,2409.93,1274.95,2601.8089801428573,
2017/6/3,2525.765158,,2661.4605944285718,
2017/6/4,2516.173143,,2707.118837142857,
2017/6/5,2529.53,1279.95,2761.755531,
2017/6/6,2883.313697,1293.5,2780.0619685714287,
2017/6/7,2664.920863,1291.0,2760.757881285714,
2017/6/8,2683.03,1273.1,2766.6263294285714,
2017/6/9,2827.4913,1266.55,2732.2620794285717,
2017/6/10,2845.372857,,2680.4718671428573,
2017/6/11,2898.63,,2627.9814589999996,
2017/6/12,2657.675063,1266.4,2572.0899235714287,
2017/6/13,2748.185086,1262.0,2566.3092378571428,
2017/6/14,2706.0,1275.5,2545.1399398571434,
2017/6/15,2442.48025,1254.55,2540.1461184285718,
2017/6/16,2464.959814,1255.4,2580.832941714286,
2017/6/17,2477.94,,2616.3358254285713,
2017/6/18,2507.389252,,2632.2250951428573,
2017/6/19,2617.210263,1248.15,2632.9360999999994,
2017/6/20,2600.0,1242.2,2616.4817767142854,
2017/6/21,2671.04325,1242.5,2604.753650142857,
2017/6/22,2727.288013,1250.8,2592.5116410000005,
2017/6/23,2713.48,1255.7,2568.3704962857146,
2017/6/24,2589.164888,,2534.6792641428574,
2017/6/25,2512.366286,,2522.1116148571423,
2017/6/26,2502.03,1245.25,2509.0964311428575,
2017/6/27,2517.903114,1249.55,2517.552921,
2017/6/28,2585.349186,1248.0,2529.242453,
2017/6/29,2558.3,1243.5,2531.176855,
2017/6/30,2477.641375,1242.25,2538.5579621428574,
2017/7/1,2501.191343,,2540.4950820000004,
2017/7/2,2421.26,,2540.7334615714285,
2017/7/3,2561.225429,1229.25,2557.159024142857,
2017/7/4,2599.729838,1223.75,2529.2939832857146,
2017/7/5,2598.89,1220.3,2490.3454349999997,
2017/7/6,2609.96775,1224.9,2459.8966594285716,
2017/7/7,2491.201214,1215.65,2423.4417547142853,
2017/7/8,2502.86,,2401.625867,
2017/7/9,2536.238938,,2338.216667,
2017/7/10,2366.170143,1211.9,2251.784575857143,
2017/7/11,2327.09,1211.05,2186.7545554285716,
2017/7/12,2385.748571,1218.8,2185.759162571429,
2017/7/13,2354.783417,1218.9,2168.4758952857146,
2017/7/14,2338.49,1230.3,2155.6796928571425,
2017/7/15,2058.9956,,2204.780459,
2017/7/16,1931.2143,,2311.7253528571423,
2017/7/17,1910.96,1234.1,2439.4818814285713,
2017/7/18,2320.12225,1240.75,2559.6048855714284,
2017/7/19,2264.7657,1242.15,2594.015695142857,
2017/7/20,2265.21,1238.7,2636.8063094285717,
2017/7/21,2682.195363,1248.55,2691.437023714286,
2017/7/22,2807.609857,,2705.6429122857144,
2017/7/23,2825.51,,2702.384361285714,
2017/7/24,2751.821029,1255.55,2691.0194208571434,
2017/7/25,2560.997917,1254.4,2707.392369142857,
2017/7/26,2564.3,1248.1,2750.521238142858,
2017/7/27,2647.625,1261.1,2768.997521428572,
2017/7/28,2781.636583,1264.9,2789.9250524285717,
2017/7/29,2784.8,,2791.119826285714,
2017/7/30,2745.955417,,2853.021971571429,
2017/7/31,2866.431667,1267.55,2925.394416714286,
2017/8/1,2862.9,1270.95,2974.5041785714284,
2017/8/2,2693.633983,1269.6,3059.4290832857146,
2017/8/3,2794.117717,1268.1,3154.242273857143,
2017/8/4,2790.0,1257.7,3232.265457142857,
2017/8/5,3218.115017,,3352.6235524285717,
2017/8/6,3252.562533,,3443.293252,
2017/8/7,3210.2,1258.0,3531.2871758571428,
2017/8/8,3457.374333,1261.8,3684.543175857143,
2017/8/9,3357.326317,1271.05,3793.0651752857148,
2017/8/10,3340.28,1284.4,3910.585701428572,
2017/8/11,3632.506667,1286.1,4051.792232428572,
2017/8/12,3852.802914,,4122.925575285714,
2017/8/13,3868.52,,4158.912301857143,
2017/8/14,4282.992,1282.3,4200.260592285714,
2017/8/15,4217.028329,1270.3,4166.079163714286,
2017/8/16,4179.97,1272.75,4133.115116714286,
2017/8/17,4328.725717,1285.15,4132.3979738571425,
2017/8/18,4130.440067,1295.8,4134.053831,
2017/8/19,4104.71,,4162.815250000001,
2017/8/20,4157.958033,,4199.358581,
2017/8/21,4043.722,1292.9,4227.408623857143,
2017/8/22,3986.28,1284.2,4269.598338142858,
2017/8/23,4174.95,1286.65,4358.413402428571,
2017/8/24,4340.316717,1289.0,4418.418809571429,
2017/8/25,4331.77,1285.3,4453.019278571429,
2017/8/26,4360.513317,,4535.872138142858,
2017/8/27,4354.308333,,4567.282732857143,
2017/8/28,4339.05,,4600.320113857143,
2017/8/29,4607.98545,1318.65,4601.0413020000005,
2017/8/30,4594.98785,1308.5,4584.003400571429,
2017/8/31,4582.52,1311.75,4554.007993428572,
2017/9/1,4911.740017,1320.4,4564.313493428572,
2017/9/2,4580.38748,,4478.457802857143,
2017/9/3,4585.57,,4440.153877142858,
2017/9/4,4344.098317,1333.1,4403.637448571429,
2017/9/5,4488.72014,1335.55,4389.921977142859,
2017/9/6,4385.02,1337.85,4348.474814285715,
2017/9/7,4654.6585,1343.5,4287.939281,
2017/9/8,4310.750183,1346.25,4097.220923857143,
2017/9/9,4312.26,,3940.8894691428577,
2017/9/10,4329.955,,3862.5131891428573,
2017/9/11,4248.090017,1334.2,3779.0997295714287,
2017/9/12,4198.59,1326.5,3697.7340128571427,
2017/9/13,3961.271267,1327.55,3661.2802032857144,
2017/9/14,3319.63,1324.55,3663.607403285714,
2017/9/15,3216.43,1322.85,3745.728831857143,
2017/9/16,3763.62604,,3805.8820532857144,
2017/9/17,3746.060783,,3807.7050332857148,
2017/9/18,3678.53,1312.1,3812.213492857143,
2017/9/19,3943.413333,1309.6,3849.93135,
2017/9/20,3977.561667,1311.3,3845.201928571428,
2017/9/21,3894.48,1292.1,3831.407404714286,
2017/9/22,3637.50255,1294.8,3875.337269,
2017/9/23,3776.3869,,3954.776142857143,
2017/9/24,3777.62,,4010.1880142857144,
2017/9/25,3942.555,1293.3,4093.4884381428574,
2017/9/26,3910.307383,1300.05,4156.963973857143,
2017/9/27,3881.0,1282.55,4226.072919142857,
2017/9/28,4201.98905,1283.35,4275.240776285715,
2017/9/29,4193.574667,1283.1,4294.792626285714,
2017/9/30,4164.27,,4312.650530999999,
2017/10/1,4360.722967,,4342.925054857143,
2017/10/2,4386.88375,1273.7,4377.433328571428,
2017/10/3,4394.07,1271.25,4408.687078571428,
2017/10/4,4225.175,1274.25,4464.1456499999995,
2017/10/5,4338.852,1274.5,4549.0471881428575,
2017/10/6,4318.58,1261.8,4618.092616714285,
2017/10/7,4376.191667,,4795.982126285714,
2017/10/8,4602.280883,,4990.731707142857,
2017/10/9,4605.66,1278.75,5165.547295285714,
2017/10/10,4782.28,1291.4,5323.482419142857,
2017/10/11,4819.485767,1289.25,5440.829982,
2017/10/12,4822.17,1290.25,5551.569158142856,
2017/10/13,5563.806567,1299.6,5680.921086714285,
2017/10/14,5739.438733,,5740.300125714287,
2017/10/15,5825.99,,5775.586021000001,
2017/10/16,5711.205867,1303.3,5798.042385285714,
2017/10/17,5603.71294,1284.75,5821.595813857143,
2017/10/18,5594.66,1280.2,5864.006822428571,
2017/10/19,5727.6335,1286.4,5874.715755714286,
2017/10/20,5979.45984,1281.2,5898.359315285715,
2017/10/21,5986.44,,5885.553623857143,
2017/10/22,5983.18455,,5855.590331,
2017/10/23,5876.079867,1274.9,5880.197398142857,
2017/10/24,5900.59,1276.45,5917.398845714285,
2017/10/25,5669.622533,1275.0,5987.121012428572,
2017/10/26,5893.138417,1273.75,6129.361605285715,
2017/10/27,5889.82,1266.45,6252.053259999999,
2017/10/28,5776.69695,,6438.8961257142855,
2017/10/29,6155.43402,,6676.159892428571,
2017/10/30,6136.49,1272.0,6849.096460999999,
2017/10/31,6388.645167,1270.15,6970.893842,
2017/11/1,6665.306683,1277.05,7071.391279999999,
2017/11/2,6751.98,1279.2,7137.581753857142,
2017/11/3,7197.72006,1267.2,7195.589905285715,
2017/11/4,7437.543317,,7127.258161,
2017/11/5,7365.99,,7003.211972857143,
2017/11/6,6989.071667,1270.9,6767.542199,
2017/11/7,7092.127233,1275.6,6704.850179857143,
2017/11/8,7128.64,1284.0,6619.350575142857,
2017/11/9,7158.03706,1284.8,6644.034849428572,
2017/11/10,6719.39785,1284.3,6737.891083714288,
2017/11/11,6569.22,,6902.087105142857,
2017/11/12,5716.301583,,7080.361445571428,
2017/11/13,6550.227533,1277.95,7407.697514714287,
2017/11/14,6493.63,1274.6,7621.910724285714,
2017/11/15,7301.42992,1282.2,7845.649295714286,
2017/11/16,7815.0307,1280.0,7983.7357357142855,
2017/11/17,7868.77,1284.35,8043.977064285714,
2017/11/18,7817.140383,,8098.578254714286,
2017/11/19,8007.654067,,8225.759238142857,
2017/11/20,8049.72,1286.2,8334.494371428573,
2017/11/21,8059.8,1283.3,8572.862235714287,
2017/11/22,8268.035,1286.95,8843.24921,
2017/11/23,8236.72,1290.35,9079.101352857144,
2017/11/24,8250.978333,1290.5,9352.051638571429,
2017/11/25,8707.407267,,9728.185019571427,
2017/11/26,8768.8,,10038.538267142856,
2017/11/27,9718.29505,1294.9,10404.798552857143,
2017/11/28,9952.50882,1291.85,10671.446402857142,
2017/11/29,9919.0,1283.85,10905.547999999999,
2017/11/30,10147.372,1280.2,11422.973714285714,
2017/12/1,10883.912,1275.5,12330.773667142857,
2017/12/2,10879.88,,13184.62623857143,
2017/12/3,11332.622,,13793.619688571429,
2017/12/4,11584.83,1273.45,14298.931545714286,
2017/12/5,11591.22,1266.3,14796.662974285713,
2017/12/6,13540.98,1263.7,15608.83059285714,
2017/12/7,16501.97167,1255.0,16075.60011714286,
2017/12/8,16860.88,1250.65,16039.934164285716,
2017/12/9,15142.83415,,16170.079878571427,
2017/12/10,14869.805,,16792.34404714286,
2017/12/11,15068.95,1247.15,17422.35761857143,
2017/12/12,17276.39333,1240.9,17978.487142857142,
2017/12/13,16808.36667,1242.65,18044.30404857143,
2017/12/14,16252.31,1251.0,18126.38595285714,
2017/12/15,17771.9,1254.6,18097.12881,
2017/12/16,19498.68333,,17728.420952857145,
2017/12/17,19279.9,,16910.981905714285,
2017/12/18,18961.85667,1260.6,16149.44976285714,
2017/12/19,17737.11167,1260.35,15457.617142857143,
2017/12/20,17382.94,1264.55,14886.735475714286,
2017/12/21,16047.51,1264.55,14630.504285714287,
2017/12/22,15190.945,,14392.371667142857,
2017/12/23,13776.61,,14252.809524285713,
2017/12/24,13949.175,,14172.661524285711,
2017/12/25,14119.02833,,14203.575809999998,
2017/12/26,13740.94,,14157.428905714285,
2017/12/27,15589.32167,1279.4,14338.131287142856,
2017/12/28,14380.58167,1291.0,14261.551287142855,
2017/12/29,14214.01,,14355.645334285715,
2017/12/30,13215.574,,14778.518191428573,
2017/12/31,14165.575,,15364.750191428571,
2018/1/1,13796.0,,15791.94662,
2018/1/2,15005.85667,1312.05,16001.933287142858,
2018/1/3,15053.26167,1314.9,15960.275667142854,
2018/1/4,15039.24,1314.5,15872.298285714287,
2018/1/5,17174.12,1317.15,15623.377428571426,
2018/1/6,17319.198,,15157.486285714285,
2018/1/7,17155.95,,14653.485142857142,
2018/1/8,15265.90667,1319.95,14181.623714285715,
2018/1/9,14714.25333,1311.0,14002.52219,
2018/1/10,14437.42,1319.75,13836.791714285715,
2018/1/11,13296.794,1323.05,13362.438381428572,
2018/1/12,13912.882,1326.8,13083.671142857143,
2018/1/13,13791.19,,12692.519428571428,
2018/1/14,13852.92,,12572.462761428571,
2018/1/15,14012.196,1339.25,12237.07819,
2018/1/16,13554.14,1333.85,11880.110189999998,
2018/1/17,11116.94667,1335.65,11547.099332857144,
2018/1/18,11345.42333,1332.2,11570.715284285714,
2018/1/19,11174.82,1334.95,11577.373379999999,
2018/1/20,12950.79333,,11548.086951428571,
2018/1/21,11505.228,,11344.370285714287,
2018/1/22,11513.42,1332.6,11333.819142857143,
2018/1/23,11223.064,1333.4,11290.852714285715,
2018/1/24,11282.25833,1353.7,11142.423810000002,
2018/1/25,11392.03,1354.95,10971.03262,
2018/1/26,10969.815,1353.15,10641.208096142858,
2018/1/27,11524.77667,,10345.791905714286,
2018/1/28,11431.37,,9964.070952857144,
2018/1/29,11212.655,1343.85,9531.110714714287,
2018/1/30,10184.06167,1344.9,8906.276667142856,
2018/1/31,10082.52,1345.05,8440.762142857142,
2018/2/1,9083.258333,1341.35,8157.5390475714285,
2018/2/2,8901.901667,1331.15,8037.150238142857,
2018/2/3,8852.73,,7943.318571428572,
2018/2/4,8400.648333,,7867.196652285714,
2018/2/5,6838.816667,1333.6,7859.026176142857,
2018/2/6,6925.46,1331.4,8034.626652285714,
2018/2/7,8099.958333,1324.65,8273.527723714285,
2018/2/8,8240.536667,1315.45,8449.90986657143,
2018/2/9,8245.08,1314.1,8625.781771285714,
2018/2/10,8319.876566,,8894.650581285714,
2018/2/11,8343.455,,9254.952739,
2018/2/12,8068.02,1322.3,9646.720596142857,
2018/2/13,8597.7675,1325.35,10081.427024714285,
2018/2/14,9334.633333,1336.25,10480.373334714284,
2018/2/15,9471.64,1352.45,10753.422858571428,
2018/2/16,10127.16167,1352.1,10819.055953857142,
2018/2/17,10841.99167,,10824.049525285713,
2018/2/18,11085.83,,10728.236429571427,
2018/2/19,11110.965,1346.6,10529.77404857143,
2018/2/20,11390.39167,1339.85,10420.865238571427,
2018/2/21,11245.98,1330.5,10267.875,
2018/2/22,9931.071667,1328.35,10142.75857142857,
2018/2/23,10162.11667,1327.95,10296.802857571429,
2018/2/24,10171.3,,10406.660476142857,
2018/2/25,9696.593333,,10571.753094714286,
2018/2/26,10348.60333,1333.5,10819.408571428572,
2018/2/27,10319.46,1325.75,10986.298095714286,
2018/2/28,10370.165,1317.85,11049.689285714285,
2018/3/1,11009.38167,1307.75,11013.674,
2018/3/2,10931.12,1322.3,10858.113761428573,
2018/3/3,11326.94833,,10594.993523285713,
2018/3/4,11430.18167,,10226.286904714287,
2018/3/5,11516.83,1320.4,9847.313809,
2018/3/6,10763.19833,1331.4,9513.887142285716,
2018/3/7,10118.058,1329.4,9284.101666571429,
2018/3/8,9920.46,1321.0,9146.313380857142,
2018/3/9,9089.278333,1320.6,8923.122190428572,
2018/3/10,8746.002,,8843.282714285715,
2018/3/11,8777.37,,8779.266714285714,
2018/3/12,9182.843333,1319.15,8692.701714285715,
2018/3/13,9154.7,1322.75,8582.586,
2018/3/14,9153.54,1323.55,8504.148857142858,
2018/3/15,8358.121667,1318.75,8474.750761857144,
2018/3/16,8530.402,1310.1,8522.22028557143,
2018/3/17,8297.89,,8550.072857000001,
2018/3/18,8171.415,,8602.142618857144,
2018/3/19,8412.033333,1312.4,8665.839999857144,
2018/3/20,8605.64,1311.0,8672.400952285714,
2018/3/21,8947.753333,1321.35,8568.194523714286,
2018/3/22,8690.408333,1329.15,8427.141190428572,
2018/3/23,8725.37,1346.6,8321.455714285714,
2018/3/24,8662.378333,,8058.193095285715,
2018/3/25,8617.296667,,7811.493333428572,
2018/3/26,8457.96,1352.4,7571.530952428571,
2018/3/27,7876.195,1341.45,7368.3721428571425,
2018/3/28,7960.38,1332.45,7301.835,
2018/3/29,7950.61,1323.85,7225.56357142857,
2018/3/30,6882.531667,,7064.977857142856,
2018/3/31,6935.48,,7025.17,
2018/4/1,6937.56,,6982.198571428572,
2018/4/2,7035.848333,,6993.640952428571,
2018/4/3,7410.435,1333.45,6945.558809571428,
2018/4/4,7426.48,1337.3,6856.126666714285,
2018/4/5,6826.51,1327.7,6784.667619142858,
2018/4/6,6603.876667,1331.2,6930.572619142857,
2018/4/7,6634.68,,7121.655952428571,
2018/4/8,7017.656667,,7321.917531142857,
2018/4/9,6699.273333,1331.95,7510.930626285715,
2018/4/10,6784.41,1338.95,7749.334435857143,
2018/4/11,6926.266667,1350.75,7908.049711,
2018/4/12,7847.845,1341.35,8085.002676571428,
2018/4/13,7941.46,1343.7,8131.876248,
2018/4/14,8036.511051,,8262.056009857144,
2018/4/15,8340.748333,,8372.15514542857,
2018/4/16,8368.1,1349.35,8456.419669285715,
2018/4/17,7895.416926,1342.1,8537.242764571429,
2018/4/18,8164.937426,1351.45,8774.40348942857,
2018/4/19,8175.96,1348.6,8987.713857142857,
2018/4/20,8852.718333,1336.75,9142.347904714285,
2018/4/21,8807.205,,9164.862428571429,
2018/4/22,8930.6,,9182.197428571428,
2018/4/23,8933.861667,1324.3,9239.866238142857,
2018/4/24,9555.542,1328.85,9286.396,
2018/4/25,9658.11,1321.65,9241.254285714285,
2018/4/26,9258.398333,1320.7,9178.870857142856,
2018/4/27,9010.32,1321.5,9233.280857142856,
2018/4/28,8928.55,,9339.428,
2018/4/29,9334.281667,,9464.393238142857,
2018/4/30,9259.57,1313.2,9506.658182428571,
2018/5/1,9239.55,1307.1,9559.782468142857,
2018/5/2,9221.426,1304.2,9558.219372857142,
2018/5/3,9639.268333,1315.05,9572.593039571428,
2018/5/4,9753.35,1309.4,9525.60756342857,
2018/5/5,9803.306667,,9342.098706285715,
2018/5/6,9630.136277,,9153.675849142857,
2018/5/7,9631.44,,8987.016381,
2018/5/8,9228.608333,1306.6,8847.101857142858,
2018/5/9,9322.041667,1313.85,8744.65180957143,
2018/5/10,9310.37,1318.8,8623.083,
2018/5/11,8468.788,1324.35,8451.047047571428,
2018/5/12,8484.346667,,8418.370904714286,
2018/5/13,8463.52,,8383.332809428572,
2018/5/14,8652.038333,1319.85,8389.602333285715,
2018/5/15,8511.458,1295.0,8351.533455285715,
2018/5/16,8471.06,1291.25,8335.129455285714,
2018/5/17,8106.118333,1289.5,8204.369455285714,
2018/5/18,8240.055,1288.3,8127.237312428571,
2018/5/19,8239.08,,8032.483740999999,
2018/5/20,8507.406667,,7904.459217142857,
2018/5/21,8385.556187,1288.35,7740.805645714286,
2018/5/22,8396.63,1293.05,7592.091904714284,
2018/5/23,7555.74,1289.0,7458.2699999999995,
2018/5/24,7566.193333,1304.85,7433.9349999999995,
2018/5/25,7576.78,1303.5,7408.295952428573,
2018/5/26,7342.908333,,7402.348333428572,
2018/5/27,7361.831667,,7445.525238285714,
2018/5/28,7344.56,,7484.8550001428575,
2018/5/29,7459.876667,1295.5,7507.099762,
2018/5/30,7385.395,1300.7,7529.363401285715,
2018/5/31,7386.72,1305.35,7562.796972714285,
2018/6/1,7535.146667,1294.6,7604.16149657143,
2018/6/2,7645.146667,,7616.305306000001,
2018/6/3,7637.14,,7612.075782142857,
2018/6/4,7500.273333,1295.45,7489.182686857143,
2018/6/5,7615.722142,1292.05,7399.954829714286,
2018/6/6,7619.43,1300.1,7294.753095142857,
2018/6/7,7676.271667,1297.25,7108.505952285713,
2018/6/8,7620.153333,1298.25,6961.469047428572,
2018/6/9,7615.54,,6821.077142714285,
2018/6/10,6776.888333,,6663.060952285715,
2018/6/11,6875.678333,1299.6,6618.421428571428,
2018/6/12,6879.31,1298.65,6557.008809571429,
2018/6/13,6315.7,1296.15,6536.678809571428,
2018/6/14,6647.013333,1302.75,6593.681428571428,
2018/6/15,6637.41,1285.25,6609.940952428571,
2018/6/16,6509.426667,,6566.392857142857,
2018/6/17,6464.411667,,6513.847023714286,
2018/6/18,6445.79,1281.55,6471.853928428572,
2018/6/19,6737.0,1276.15,6438.376428428572,
2018/6/20,6714.718333,1274.2,6364.318571285715,
2018/6/21,6760.83,1266.15,6276.138809428571,
2018/6/22,6332.573333,1269.15,6182.862545714286,
2018/6/23,6141.605833,,6122.309569571429,
2018/6/24,6170.46,,6133.977307714286,
2018/6/25,6211.4475,1268.7,6163.162188714285,
2018/6/26,6218.595,1260.3,6199.536712571428,
2018/6/27,6097.46,1254.6,6257.800284,
2018/6/28,6107.896154,1251.55,6328.633022142858,
2018/6/29,5908.7025,1250.45,6399.4159525714285,
2018/6/30,6223.28,,6491.817024000001,
2018/7/1,6374.754167,,6544.8172621428575,
2018/7/2,6466.069167,1247.8,6598.932262142857,
2018/7/3,6626.44,1251.75,6635.785238285715,
2018/7/4,6593.289167,1255.65,6619.264047857143,
2018/7/5,6603.376667,1255.5,6588.4175001428575,
2018/7/6,6555.51,1255.35,6559.817976285715,
2018/7/7,6594.281667,,6515.367619142858,
2018/7/8,6753.559167,,6464.8988095714285,
2018/7/9,6724.04,1262.05,6392.796071428571,
2018/7/10,6510.791667,1254.0,6362.846190428571,
2018/7/11,6377.363333,1251.4,6414.148928428572,
2018/7/12,6403.18,1245.9,6549.042738000001,
2018/7/13,6244.3575,1241.7,6690.931547571429,
2018/7/14,6241.0,,6860.029761857143,
2018/7/15,6248.84,,7016.314047571429,
2018/7/16,6514.390833,1241.1,7188.0925,
2018/7/17,6869.910833,1232.8,7356.020119142858,
2018/7/18,7321.62,1224.5,7476.761428714286,
2018/7/19,7396.401667,1217.55,7609.553571571429,
2018/7/20,7428.045,1228.75,7722.5425001428575,
2018/7/21,7334.99,,7795.651785857143,
2018/7/22,7451.289167,,7916.689166857142,
2018/7/23,7689.884167,1224.95,8024.553809714285,
2018/7/24,7715.1,1228.35,8100.414643000001,
2018/7/25,8251.165,1231.5,8129.229047714286,
2018/7/26,8187.324167,1228.25,8032.043928714286,
2018/7/27,7939.81,1223.95,7949.240476285713,
2018/7/28,8182.251667,,7871.338928714285,
2018/7/29,8206.341667,,7737.841428714286,
2018/7/30,8220.91,1223.8,7567.1183334285715,
2018/7/31,7916.800833,1220.95,7390.999642999998,
2018/8/1,7570.869167,1219.0,7259.101428714287,
2018/8/2,7607.7,1215.45,7137.295833428571,
2018/8/3,7394.499167,1216.3,6964.3061905714285,
2018/8/4,7247.769167,,6821.734119142857,
2018/8/5,7011.28,,6663.332809571429,
2018/8/6,6988.079167,1209.65,6563.311619142857,
2018/8/7,6993.513333,1212.35,6471.738880999999,
2018/8/8,6718.23,1209.55,6365.8269762857135,
2018/8/9,6396.7725,1214.35,6315.0336795714275,
2018/8/10,6396.494667,1214.4,6307.298926857143,
2018/8/11,6138.96,,6295.335403,
2018/8/12,6311.131667,,6337.872664857142,
2018/8/13,6347.07,1200.35,6351.148617142857,
2018/8/14,6252.13,1197.0,6371.078617142857,
2018/8/15,6362.676923,1182.0,6392.380924857142,
2018/8/16,6342.629231,1180.4,6422.745531142857,
2018/8/17,6312.75,1178.4,6424.451355285714,
2018/8/18,6436.720833,,6457.436457285714,
2018/8/19,6404.063333,,6497.823371285715,
2018/8/20,6486.58,1184.35,6545.567180857143,
2018/8/21,6401.246154,1190.95,6578.80806,
2018/8/22,6575.229167,1196.65,6664.350038000001,
2018/8/23,6354.57,1192.35,6736.201585571429,
2018/8/24,6543.645714,1197.7,6818.786228428572,
2018/8/25,6719.429231,,6881.400576999999,
2018/8/26,6738.27,,6924.164972571429,
2018/8/27,6719.266154,,6996.974313285713,
2018/8/28,7000.04,1212.25,7074.35761,
2018/8/29,7078.19,1204.2,7112.220467142857,
2018/8/30,6932.6625,1197.3,7117.203214428571,
2018/8/31,6981.946154,1202.45,7045.861666857143,
2018/9/1,7018.78,,6977.182216285714,
2018/9/2,7247.935385,,6883.943287714285,
2018/9/3,7260.949231,1200.05,6746.584780285715,
2018/9/4,7265.08,1190.85,6600.874890142856,
2018/9/5,7113.069231,1196.7,6462.480723428572,
2018/9/6,6433.271667,1205.15,6342.490476142857,
2018/9/7,6501.19,1198.9,6327.171666571428,
2018/9/8,6366.1075,,6326.867738,
2018/9/9,6286.425833,,6348.660238000001,
2018/9/10,6240.98,1196.6,6382.369404714285,
2018/9/11,6296.320833,1189.85,6405.172380857142,
2018/9/12,6273.1375,1195.6,6405.216785714285,
2018/9/13,6326.04,1209.8,6415.11,
2018/9/14,6499.0625,1201.95,6428.327523857142,
2018/9/15,6518.655,,6452.745857142858,
2018/9/16,6522.39,,6486.6694285714275,
2018/9/17,6400.600833,1201.9,6513.534428571429,
2018/9/18,6296.631667,1200.2,6547.634904857143,
2018/9/19,6342.39,1203.3,6588.608952428571,
2018/9/20,6418.562667,1208.35,6606.643476285714,
2018/9/21,6669.990833,1198.7,6623.3454762857145,
2018/9/22,6756.12,,6625.643928714286,
2018/9/23,6710.445,,6596.265952571429,
2018/9/24,6639.304167,1202.75,6579.507381142857,
2018/9/25,6583.45,1201.9,6575.466785857142,
2018/9/26,6468.631667,1194.25,6572.494166857143,
2018/9/27,6535.476667,1185.4,6572.7471430000005,
2018/9/28,6686.08,1187.25,6565.354761999998,
2018/9/29,6550.474167,,6548.564643,
2018/9/30,6593.135,,6552.995000142857,
2018/10/1,6611.02,1189.35,6550.2071430000005,
2018/10/2,6562.641667,1204.7,6551.285384714285,
2018/10/3,6470.4025,1201.2,6559.723956142858,
2018/10/4,6483.73,1203.45,6582.0735989999985,
2018/10/5,6568.549167,1203.8,6548.488718,
2018/10/6,6581.486667,,6504.486098857143,
2018/10/7,6573.62,,6456.702289285714,
2018/10/8,6618.567692,1186.95,6417.527884571428,
2018/10/9,6621.711667,1185.55,6393.814166714285,
2018/10/10,6626.85,1188.6,6390.5939285714285,
2018/10/11,6248.635833,1205.55,6386.226236285715,
2018/10/12,6260.530833,1219.75,6431.855512857143,
2018/10/13,6247.0,,6467.438251,
2018/10/14,6299.399167,,6501.984798571429,
2018/10/15,6452.571667,1229.95,6535.156584285715,
2018/10/16,6599.17,1230.7,6542.614917571429,
2018/10/17,6596.276154,1229.05,6525.794346142857,
2018/10/18,6568.040769,1223.0,6513.227752714285,
2018/10/19,6509.61,1227.85,6502.046214285714,
2018/10/20,6488.825833,,6496.923833285714,
2018/10/21,6531.601667,,6493.651214285715,
2018/10/22,6504.78,1222.3,6483.023833285714,
2018/10/23,6481.426,1235.95,6465.579309428572,
2018/10/24,6508.31,1230.55,6441.011717571428,
2018/10/25,6489.77,1230.8,6411.483146142857,
2018/10/26,6473.753333,1233.85,6390.413265142856,
2018/10/27,6465.9175,,6378.116241428571,
2018/10/28,6457.21,,6367.330884285714,
2018/10/29,6382.668333,1230.8,6357.997074714286,
2018/10/30,6309.452857,1225.4,6365.753741428572,
2018/10/31,6301.61,1214.95,6384.083333285715,
2018/11/1,6342.280833,1231.15,6417.966190428572,
2018/11/2,6387.674167,1232.1,6438.533452428572,
2018/11/3,6390.42,,6446.7185714285715,
2018/11/4,6391.873333,,6447.949047571428,
2018/11/5,6436.965,1232.25,6446.005476142857,
2018/11/6,6437.76,1231.6,6441.943333285714,
2018/11/7,6538.79,1229.95,6432.558095142857,
2018/11/8,6486.251667,1224.15,6380.753095142857,
2018/11/9,6444.97,1211.4,6276.541428428572,
2018/11/10,6399.033333,,6155.287499857142,
2018/11/11,6378.268333,,6035.174642714285,
2018/11/12,6408.53,1205.55,5920.056309428573,
2018/11/13,6372.063333,1202.1,5762.258095142858,
2018/11/14,6176.155,1203.25,5519.387619,
2018/11/15,5756.77,1211.85,5278.791190428572,
2018/11/16,5596.1925,1222.4,5106.223690428572,
2018/11/17,5558.243333,,4922.387261857143,
2018/11/18,5572.44,,4750.206785714285,
2018/11/19,5303.9425,1221.6,4500.359880999999,
2018/11/20,4671.97,1223.0,4302.730476285714,
2018/11/21,4491.98,1226.1,4177.213333428571,
2018/11/22,4548.7975,1227.05,4121.709597142856,
2018/11/23,4309.3375,1223.65,4080.9932875714285,
2018/11/24,4352.98,,4076.626501857143,
2018/11/25,3823.511667,,4042.883287571429,
2018/11/26,3920.536667,1223.4,4092.0311447142853,
2018/11/27,3793.35,1221.2,4123.468763714286,
2018/11/28,4103.453846,1213.25,4147.489239857142,
2018/11/29,4263.783333,1226.25,4112.4742857142855,
2018/11/30,4278.77,1217.55,4038.359523857143,
2018/12/1,4116.7775,,3913.6271428571426,
2018/12/2,4167.546667,,3816.278928571429,
2018/12/3,4140.6,1230.3,3714.295119,
2018/12/4,3961.493333,1240.3,3626.203690428571,
2018/12/5,3858.349167,1235.9,3549.7317857142853,
2018/12/6,3744.98,1242.55,3485.2933332857137,
2018/12/7,3405.643333,1243.3,3436.976547571428,
2018/12/8,3435.34,,3418.795238142857,
2018/12/9,3453.66,,3391.2352381428573,
2018/12/10,3523.96,1245.35,3365.1749999999997,
2018/12/11,3426.19,1245.3,3346.3814285714284,
2018/12/12,3407.28,1245.75,3365.002857142857,
2018/12/13,3406.7625,1242.75,3422.254642857143,
2018/12/14,3278.374167,1235.35,3504.5529761428575,
2018/12/15,3242.42,,3626.9552379999996,
2018/12/16,3271.238333,,3722.4628569999995,
2018/12/17,3392.405,1241.65,3830.497142714285,
2018/12/18,3556.54,1246.3,3916.606428428571,
2018/12/19,3808.0425,1255.0,3953.369285571429,
2018/12/20,3982.850833,1259.75,3955.8459522857142,
2018/12/21,4135.19,1258.15,3936.611547571428,
2018/12/22,3910.973333,,3880.713690428571,
2018/12/23,4027.478333,,3880.9011904285717,
2018/12/24,3995.17,,3844.1700000000005,
2018/12/25,3813.88,,3815.0808332857146,
2018/12/26,3825.379167,,3806.279642857143,
2018/12/27,3848.21,1268.0,3810.636904714286,
2018/12/28,3743.905,1279.0,3813.1494047142864,
2018/12/29,3912.285833,,3824.3953571428574,
2018/12/30,3770.36,,3816.4430952857147,
2018/12/31,3791.545833,,3837.885476285714,
2019/1/1,3752.271667,,3872.8208334285714,
2019/1/2,3855.88,1282.9,3912.8177381428573,
2019/1/3,3865.7975,1290.45,3938.283214285714,
2019/1/4,3822.626667,1279.9,3930.6815475714284,
2019/1/5,3856.62,,3905.484880857143,
2019/1/6,3920.456667,,3875.445714142857,
2019/1/7,4036.093333,1292.2,3829.643571285714,
2019/1/8,4032.25,1286.45,3757.6245237142857,
2019/1/9,4034.138333,1288.6,3703.9866665714285,
2019/1/10,3812.585833,1291.9,3645.005595142857,
2019/1/11,3646.25,1288.95,3617.6976189999996,
2019/1/12,3646.345833,,3615.718333285714,
2019/1/13,3599.841667,,3622.0294047142856,
2019/1/14,3531.96,1292.75,3636.906309428571,
2019/1/15,3656.785,1294.4,3639.2588094285716,
2019/1/16,3621.270833,1292.3,3622.578095142857,
2019/1/17,3621.43,1290.7,3617.7322618571425,
2019/1/18,3632.395,1284.2,3609.870833285714,
2019/1/19,3690.523333,,3603.2786904285717,
2019/1/20,3703.98,,3587.173928571429,
2019/1/21,3548.4275,1279.55,3568.933928571429,
2019/1/22,3540.02,1282.1,3569.8014285714285,
2019/1/23,3587.35,1279.8,3556.738571428571,
2019/1/24,3566.4,1283.7,3533.06,
2019/1/25,3586.25,1293.9,3519.288571428571,
2019/1/26,3577.79,,3499.0828571428574,
2019/1/27,3576.3,,3484.4457142857145,
2019/1/28,3554.5,1302.15,3474.434285714286,
2019/1/29,3448.58,1307.55,3460.3657142857146,
2019/1/30,3421.6,1310.7,3460.9042857142854,
2019/1/31,3470.0,1323.25,3467.438571428571,
2019/2/1,3444.81,1318.7,3458.252857142857,
2019/2/2,3475.33,,3451.1028571428574,
2019/2/3,3506.22,,3477.6385714285716,
2019/2/4,3456.02,1312.15,3500.2328571428575,
2019/2/5,3452.35,1314.2,3533.128571428572,
2019/2/6,3467.34,1312.4,3558.4314285714286,
2019/2/7,3405.7,1310.0,3582.0142857142864,
2019/2/8,3394.76,1314.85,3611.842857142857,
2019/2/9,3661.08,,3641.207142857143,
2019/2/10,3664.38,,3633.652857142857,
2019/2/11,3686.29,1306.4,3627.2485714285717,
2019/2/12,3629.47,1310.0,3625.0271428571423,
2019/2/13,3632.42,1312.8,3665.217142857143,
2019/2/14,3614.5,1311.45,3707.232857142856,
2019/2/15,3600.31,1316.55,3760.4728571428573,
2019/2/16,3608.2,,3809.697142857143,
2019/2/17,3619.55,,3863.308571428571,
2019/2/18,3670.74,1325.5,3937.6014285714286,
2019/2/19,3910.8,1334.15,3951.337142857143,
2019/2/20,3926.53,1343.75,3942.412857142857,
2019/2/21,3987.18,1331.25,3928.8300000000004,
2019/2/22,3944.88,1329.05,3906.837142857143,
2019/2/23,3983.48,,3893.2942857142853,
2019/2/24,4139.6,,3872.0285714285715,
2019/2/25,3766.89,1331.05,3828.0057142857136,
2019/2/26,3848.33,1325.05,3834.818571428571,
2019/2/27,3831.45,1322.85,3818.054285714286,
2019/2/28,3833.23,1319.15,3823.882857142857,
2019/3/1,3850.08,1311.95,3830.1142857142854,
2019/3/2,3834.62,,3835.3628571428567,
2019/3/3,3831.44,,3841.2685714285712,
2019/3/4,3814.58,1285.4,3858.285714285714,
2019/3/5,3730.98,1283.8,3874.5128571428577,
2019/3/6,3872.25,1285.85,3895.957142857143,
2019/3/7,3876.85,1285.3,3898.8514285714286,
2019/3/8,3886.82,1296.75,3898.9828571428575,
2019/3/9,3875.96,,3898.752857142857,
2019/3/10,3950.56,,3907.4014285714284,
2019/3/11,3928.17,1292.75,3916.7428571428572,
2019/3/12,3881.09,1297.05,3926.278571428572,
2019/3/13,3892.51,1306.95,3943.09,
2019/3/14,3877.77,1295.55,3962.6042857142857,
2019/3/15,3885.21,1303.5,3988.1228571428574,
2019/3/16,3936.5,,4003.4271428571433,
2019/3/17,4015.95,,4012.3642857142863,
2019/3/18,3994.92,1305.6,4011.788571428572,
2019/3/19,3998.77,1307.7,4011.672857142857,
2019/3/20,4029.11,1303.7,4002.69,
2019/3/21,4056.4,1309.6,3991.065714285714,
2019/3/22,3992.34,1311.3,3989.9385714285713,
2019/3/23,3999.06,,3996.371428571429,
2019/3/24,4011.92,,4013.012857142857,
2019/3/25,3994.11,1319.55,4027.658571428571,
2019/3/26,3935.89,1316.3,4044.8085714285708,
2019/3/27,3947.74,1309.7,4075.7571428571423,
2019/3/28,4048.51,1295.15,4209.348571428572,
2019/3/29,4037.37,1295.4,4339.534285714286,
2019/3/30,4115.55,,4464.372857142857,
2019/3/31,4114.44,,4594.8328571428565,
2019/4/1,4114.16,1293.5,4728.987142857143,
2019/4/2,4152.53,1290.3,4882.591428571429,
2019/4/3,4882.88,1290.45,5042.045714285714,
2019/4/4,4959.81,1283.15,5083.892857142857,
2019/4/5,4911.24,1288.45,5133.9457142857145,
2019/4/6,5028.77,,5151.628571428571,
2019/4/7,5053.52,,5157.925714285715,
2019/4/8,5189.39,1300.0,5159.511428571429,
2019/4/9,5268.71,1303.0,5154.242857142856,
2019/4/10,5175.81,1305.45,5121.024285714286,
2019/4/11,5310.18,1298.8,5124.001428571429,
2019/4/12,5035.02,1294.3,5111.171428571429,
2019/4/13,5072.85,,5145.641428571429,
2019/4/14,5064.62,,5174.811428571428,
2019/4/15,5152.51,1285.65,5209.762857142858,
2019/4/16,5036.18,1276.35,5228.237142857143,
2019/4/17,5196.65,1275.85,5276.952857142858,
2019/4/18,5220.37,1275.7,5322.882857142858,
2019/4/19,5276.31,,5353.428571428572,
2019/4/20,5277.04,,5341.9,
2019/4/21,5309.28,,5344.155714285714,
2019/4/22,5281.83,,5340.0,
2019/4/23,5377.19,1269.5,5342.779999999999,
2019/4/24,5518.16,1271.65,5326.131428571428,
2019/4/25,5434.19,1280.8,5290.650000000001,
2019/4/26,5195.61,1284.2,5275.29,
2019/4/27,5292.83,,5303.082857142857,
2019/4/28,5280.19,,5355.127142857143,
2019/4/29,5301.29,1279.5,5425.254285714285,
2019/4/30,5260.65,1282.3,5484.735714285714,
2019/5/1,5269.79,1283.8,5545.2814285714285,
2019/5/2,5326.67,1270.95,5614.7,
2019/5/3,5390.16,1278.55,5701.849999999999,
2019/5/4,5657.14,,5809.957142857143,
2019/5/5,5771.08,,5908.654285714286,
2019/5/6,5717.66,,6119.687142857142,
2019/5/7,5684.47,1281.2,6299.825714285714,
2019/5/8,5755.72,1285.2,6605.345714285714,
2019/5/9,5936.72,1286.1,6924.912857142858,
2019/5/10,6146.91,1287.1,7249.224285714286,
2019/5/11,6348.02,,7497.660000000001,
2019/5/12,7248.31,,7642.545714285714,
2019/5/13,6978.63,1295.6,7644.937142857144,
2019/5/14,7823.11,1298.4,7818.518571428572,
2019/5/15,7992.69,1299.1,7844.792857142857,
2019/5/16,8206.9,1291.7,7839.051428571429,
2019/5/17,7885.96,1280.8,7756.055714285714,
2019/5/18,7362.22,,7755.245714285715,
2019/5/19,7265.05,,7846.822857142857,
2019/5/20,8193.7,1276.85,7962.022857142857,
2019/5/21,8007.03,1271.15,8040.697142857142,
2019/5/22,7952.5,1273.8,8149.701428571428,
2019/5/23,7625.93,1283.65,8259.327142857142,
2019/5/24,7880.29,1282.5,8407.477142857142,
2019/5/25,8003.26,,8463.501428571426,
2019/5/26,8071.45,,8542.151428571427,
2019/5/27,8744.42,,8611.201428571427,
2019/5/28,8770.06,1278.3,8610.431428571426,
2019/5/29,8719.88,1281.65,8519.697142857141,
2019/5/30,8662.98,1280.95,8370.542857142858,
2019/5/31,8272.46,1295.55,8245.265714285715,
2019/6/1,8553.81,,8178.232857142858,
2019/6/2,8554.8,,8098.872857142858,
2019/6/3,8739.03,1317.1,8009.807142857144,
2019/6/4,8134.92,1324.25,7852.889999999999,
2019/6/5,7675.8,1335.05,7836.527142857142,
2019/6/6,7786.04,1335.5,7871.067142857143,
2019/6/7,7803.23,1340.65,7926.355714285714,
2019/6/8,7998.29,,7988.448571428571,
2019/6/9,7931.34,,8087.778571428571,
2019/6/10,7640.61,1328.6,8220.368571428571,
2019/6/11,8020.38,1324.3,8411.565714285714,
2019/6/12,7917.58,1332.35,8598.294285714286,
2019/6/13,8173.06,1335.9,8763.808571428572,
2019/6/14,8237.88,1351.25,8922.185714285715,
2019/6/15,8693.6,,9106.967142857142,
2019/6/16,8859.47,,9323.507142857141,
2019/6/17,8978.99,1341.3,9581.958571428573,
2019/6/18,9327.48,1341.35,9844.171428571428,
2019/6/19,9076.18,1344.05,10085.602857142858,
2019/6/20,9281.7,1379.5,10469.919999999998,
2019/6/21,9531.35,1397.15,10991.47,
2019/6/22,10209.38,,11220.255714285715,
2019/6/23,10668.63,,11529.537142857143,
2019/6/24,10814.48,1405.7,11704.072857142857,
2019/6/25,11017.5,1431.4,11693.108571428571,
2019/6/26,11766.4,1403.95,11630.425714285713,
2019/6/27,12932.55,1402.5,11493.14,
2019/6/28,11132.85,1409.0,11357.741428571428,
2019/6/29,12374.35,,11361.69,
2019/6/30,11890.38,,11158.948571428573,
2019/7/1,10737.73,1390.1,11064.899999999998,
2019/7/2,10578.72,1391.05,11170.511428571428,
2019/7/3,10805.4,1413.5,11418.277142857143,
2019/7/4,11984.76,1414.9,11672.76,
2019/7/5,11160.49,1388.65,11689.208571428573,
2019/7/6,10955.16,,11716.691428571428,
2019/7/7,11232.04,,11837.95,
2019/7/8,11477.01,1400.1,11860.387142857144,
2019/7/9,12313.08,1391.55,11676.094285714285,
2019/7/10,12586.78,1408.3,11470.44,
2019/7/11,12099.9,1413.75,11014.859999999999,
2019/7/12,11352.87,1407.6,10668.342857142858,
2019/7/13,11803.97,,10566.298571428571,
2019/7/14,11389.1,,10385.124285714284,
2019/7/15,10186.96,1412.4,10295.952857142856,
2019/7/16,10873.5,1409.85,10353.16,
2019/7/17,9397.72,1410.35,10274.605714285713,
2019/7/18,9674.28,1417.45,10338.402857142855,
2019/7/19,10638.56,1439.7,10352.387142857142,
2019/7/20,10535.75,,10243.331428571428,
2019/7/21,10764.9,,10145.174285714284,
2019/7/22,10587.41,1427.75,9960.75857142857,
2019/7/23,10323.62,1425.55,9809.699999999999,
2019/7/24,9844.3,1426.95,9692.23,
2019/7/25,9772.17,1416.1,9655.777142857143,
2019/7/26,9875.17,1420.4,9700.424285714285,
2019/7/27,9848.65,,9776.424285714285,
2019/7/28,9473.99,,9873.695714285714,
2019/7/29,9530.0,1419.05,10065.207142857145,
2019/7/30,9501.33,1425.9,10272.382857142858,
2019/7/31,9589.13,1427.55,10599.048571428573,
2019/8/1,10084.7,1406.8,10867.125714285716,
2019/8/2,10407.17,1441.75,11135.142857142857,
2019/8/3,10529.55,,11362.177142857141,
2019/8/4,10814.57,,11551.761428571428,
2019/8/5,10980.23,1465.25,11618.56857142857,
2019/8/6,11787.99,1465.25,11702.369999999999,
2019/8/7,11465.67,1506.05,11644.979999999998,
2019/8/8,11960.82,1495.75,11558.187142857141,
2019/8/9,11996.41,1497.7,11280.492857142859,
2019/8/10,11856.64,,11038.458571428573,
2019/8/11,11282.22,,10824.572857142857,
2019/8/12,11566.84,1504.7,10672.044285714286,
2019/8/13,11386.26,1498.4,10493.58142857143,
2019/8/14,10858.12,1513.25,10426.58142857143,
2019/8/15,10016.96,1515.65,10412.644285714285,
2019/8/16,10302.17,1515.25,10428.707142857142,
2019/8/17,10359.44,,10401.537142857142,
2019/8/18,10214.52,,10408.16142857143,
2019/8/19,10317.6,1496.6,10398.058571428572,
2019/8/20,10917.26,1504.55,10371.981428571427,
2019/8/21,10760.56,1503.25,10292.412857142857,
2019/8/22,10129.4,1502.05,10208.325714285713,
2019/8/23,10111.98,1503.8,10149.528571428573,
2019/8/24,10405.81,,10059.895714285713,
2019/8/25,10143.8,,9941.635714285714,
2019/8/26,10135.06,,9864.078571428572,
2019/8/27,10360.28,1532.95,9811.897142857142,
2019/8/28,10171.95,1537.15,9815.662857142857,
2019/8/29,9717.82,1540.2,9879.854285714287,
2019/8/30,9484.55,1528.4,10003.617142857143,
2019/8/31,9577.99,,10159.795714285716,
2019/9/1,9600.9,,10265.435714285715,
2019/9/2,9769.79,1525.95,10392.05142857143,
2019/9/3,10386.64,1537.85,10482.982857142857,
2019/9/4,10621.29,1546.1,10472.557142857142,
2019/9/5,10584.16,1529.1,10398.234285714285,
2019/9/6,10577.8,1523.7,10337.542857142855,
2019/9/7,10317.47,,10315.022857142856,
2019/9/8,10487.21,,10321.655714285715,
2019/9/9,10406.31,1509.2,10303.672857142856,
2019/9/10,10313.66,1498.25,10289.975714285714,
2019/9/11,10101.03,1490.65,10283.114285714286,
2019/9/12,10159.32,1515.2,10295.875714285716,
2019/9/13,10420.16,1503.1,10295.628571428571,
2019/9/14,10363.9,,10275.017142857145,
2019/9/15,10361.33,,10247.761428571426,
2019/9/16,10310.43,1497.2,10193.212857142857,
2019/9/17,10265.63,1502.1,10153.587142857143,
2019/9/18,10190.36,1503.5,10070.408571428572,
2019/9/19,10157.59,1500.7,9836.58714285714,
2019/9/20,10275.88,1501.9,9590.107142857143,
2019/9/21,10173.11,,9272.929999999998,
2019/9/22,9979.49,,8990.185714285713,
2019/9/23,10033.05,1522.1,8739.544285714286,
2019/9/24,9683.38,1520.65,8457.214285714286,
2019/9/25,8553.61,1528.75,8260.694285714284,
2019/9/26,8432.23,1506.4,8227.73857142857,
2019/9/27,8055.64,1489.9,8220.567142857142,
2019/9/28,8193.9,,8246.357142857141,
2019/9/29,8225.0,,8240.868571428571,
2019/9/30,8056.74,1485.3,8229.824285714287,
2019/10/1,8307.74,1473.45,8203.109999999999,
2019/10/2,8322.92,1492.6,8189.435714285714,
2019/10/3,8382.03,1517.1,8170.447142857143,
2019/10/4,8236.17,1499.15,8199.86,
2019/10/5,8155.48,,8249.964285714284,
2019/10/6,8147.69,,8266.285714285714,
2019/10/7,7869.74,1501.25,8289.18857142857,
2019/10/8,8212.02,1505.85,8348.334285714287,
2019/10/9,8190.0,1507.25,8368.551428571429,
2019/10/10,8587.92,1494.8,8364.574285714287,
2019/10/11,8586.9,1479.15,8280.944285714288,
2019/10/12,8269.73,,8208.07,
2019/10/13,8308.01,,8162.987142857143,
2019/10/14,8283.76,1490.6,8113.277142857143,
2019/10/15,8353.54,1487.8,8105.748571428571,
2019/10/16,8162.16,1485.1,8087.0314285714285,
2019/10/17,8002.51,1492.65,8067.688571428572,
2019/10/18,8076.78,1490.0,7991.552857142858,
2019/10/19,7954.15,,7899.424285714284,
2019/10/20,7960.04,,8001.229999999999,
2019/10/21,8231.06,1491.65,8186.910000000002,
2019/10/22,8222.52,1485.35,8375.55,
2019/10/23,8026.76,1494.45,8517.87,
2019/10/24,7469.56,1496.55,8718.81142857143,
2019/10/25,7431.88,1513.45,8960.962857142858,
2019/10/26,8666.79,,9206.119999999999,
2019/10/27,9259.8,,9289.862857142858,
2019/10/28,9551.54,1492.4,9295.774285714286,
2019/10/29,9218.76,1486.75,9246.434285714287,
2019/10/30,9433.35,1492.1,9274.904285714287,
2019/10/31,9164.62,1510.95,9257.31,
2019/11/1,9147.98,1508.8,9282.841428571428,
2019/11/2,9252.99,,9290.878571428571,
2019/11/3,9301.18,,9221.314285714285,
2019/11/4,9206.16,1509.45,9151.06142857143,
2019/11/5,9418.05,1488.95,9126.912857142857,
2019/11/6,9310.19,1486.05,9026.878571428571,
2019/11/7,9343.34,1484.25,8954.211428571429,
2019/11/8,9204.24,1464.15,8871.222857142857,
2019/11/9,8766.04,,8789.519999999999,
2019/11/10,8809.41,,8745.47,
2019/11/11,9037.12,1458.7,8698.797142857144,
2019/11/12,8717.81,1452.05,8622.627142857144,
2019/11/13,8801.52,1462.9,8545.224285714286,
2019/11/14,8762.42,1466.65,8447.978571428572,
2019/11/15,8632.32,1466.9,8350.74857142857,
2019/11/16,8457.69,,8205.712857142857,
2019/11/17,8482.7,,8038.378571428571,
2019/11/18,8503.93,1467.65,7872.854285714285,
2019/11/19,8175.99,1468.45,7644.778571428572,
2019/11/20,8120.8,1471.7,7495.387142857143,
2019/11/21,8081.81,1467.05,7358.648571428572,
2019/11/22,7617.07,1464.45,7278.937142857142,
2019/11/23,7286.35,,7252.355714285714,
2019/11/24,7324.03,,7319.658571428571,
2019/11/25,6907.4,1458.4,7353.042857142857,
2019/11/26,7130.25,1454.65,7423.798571428572,
2019/11/27,7163.63,1454.35,7449.418571428572,
2019/11/28,7523.83,1454.65,7468.438571428573,
2019/11/29,7431.0,1460.15,7421.155714285715,
2019/11/30,7757.47,,7416.151428571429,
2019/12/1,7557.72,,7386.111428571429,
2019/12/2,7402.69,1461.15,7378.555714285715,
2019/12/3,7309.59,1477.3,7395.655714285715,
2019/12/4,7296.77,1475.1,7399.631428571428,
2019/12/5,7192.85,1475.95,7388.772857142857,
2019/12/6,7395.97,1459.65,7390.124285714285,
2019/12/7,7547.19,,7360.58,
2019/12/8,7504.83,,7318.391428571428,
2019/12/9,7522.39,1461.7,7255.95,
2019/12/10,7337.42,1464.95,7197.2,
2019/12/11,7220.76,1466.8,7131.788571428571,
2019/12/12,7202.31,1467.8,7044.840000000001,
2019/12/13,7189.16,1466.6,7056.551428571429,
2019/12/14,7251.87,,7051.080000000001,
2019/12/15,7067.74,,7042.265714285714,
2019/12/16,7111.14,1477.9,7053.045714285713,
2019/12/17,6879.54,1475.8,7110.655714285714,
2019/12/18,6612.12,1474.05,7173.875714285715,
2019/12/19,7284.29,1476.7,7265.1,
2019/12/20,7150.86,1479.0,7252.018571428572,
2019/12/21,7190.17,,7258.238571428572,
2019/12/22,7143.2,,7265.918571428571,
2019/12/23,7514.41,1482.1,7288.471428571429,
2019/12/24,7322.08,,7270.035714285715,
2019/12/25,7250.69,,7255.395714285713,
2019/12/26,7192.72,,7243.627142857142,
2019/12/27,7194.4,1511.5,7241.192857142857,
2019/12/28,7243.93,,7205.4685714285715,
2019/12/29,7301.07,,7217.242857142858,
2019/12/30,7385.36,1514.75,7223.931428571428,
2019/12/31,7219.6,,7219.104285714285,
2020/1/1,7168.31,,7296.195714285714,
2020/1/2,7175.68,1527.1,7438.647142857143,
2020/1/3,6944.33,1548.75,7562.5,
2020/1/4,7326.35,,7687.298571428572,
2020/1/5,7347.89,,7809.914285714285,
2020/1/6,7351.57,1573.1,7906.142857142856,
2020/1/7,7759.24,1567.85,8023.628571428571,
2020/1/8,8165.47,1571.95,8073.057142857143,
2020/1/9,8042.65,1550.75,8169.7642857142855,
2020/1/10,7817.92,1553.6,8279.941428571428,
2020/1/11,8184.66,,8409.1,
2020/1/12,8021.49,,8511.339999999998,
2020/1/13,8173.97,1549.9,8638.391428571429,
2020/1/14,8105.24,1545.1,8714.01857142857,
2020/1/15,8842.42,1549.0,8788.48,
2020/1/16,8813.89,1554.55,8771.314285714287,
2020/1/17,8722.03,1557.6,8749.178571428572,
2020/1/18,8900.34,,8701.475714285716,
2020/1/19,8910.85,,8634.022857142858,
2020/1/20,8703.36,1560.15,8550.667142857144,
2020/1/21,8626.47,1551.3,8534.247142857143,
2020/1/22,8722.26,1556.9,8572.72,
2020/1/23,8658.94,1562.9,8667.495714285715,
2020/1/24,8388.11,1564.3,8756.191428571428,
2020/1/25,8428.17,,8915.371428571429,
2020/1/26,8327.36,,9044.742857142857,
2020/1/27,8588.42,1580.1,9194.847142857141,
2020/1/28,8895.78,1574.0,9298.581428571428,
2020/1/29,9385.69,1573.45,9336.632857142857,
2020/1/30,9279.81,1578.25,9304.697142857143,
2020/1/31,9502.37,1584.2,9352.567142857142,
2020/2/1,9333.77,,9388.751428571428,
2020/2/2,9378.09,,9456.432857142858,
2020/2/3,9314.56,1574.75,9532.00857142857,
2020/2/4,9162.14,1558.35,9653.130000000001,
2020/2/5,9162.14,1553.3,9752.08,
2020/2/6,9614.9,1563.3,9911.114285714286,
2020/2/7,9755.66,1572.65,10016.742857142857,
2020/2/8,9807.54,,10086.281428571428,
2020/2/9,9907.12,,10166.422857142858,
2020/2/10,10162.41,1573.2,10166.00142857143,
2020/2/11,9854.79,1570.5,10133.895714285713,
2020/2/12,10275.38,1563.7,10112.344285714285,
2020/2/13,10354.3,1575.05,10098.811428571427,
2020/2/14,10242.43,1581.4,9991.72857142857,
2020/2/15,10368.53,,9900.932857142858,
2020/2/16,9904.17,,9804.94,
2020/2/17,9937.67,1580.8,9771.434285714287,
2020/2/18,9703.93,1589.85,9778.822857142859,
2020/2/19,10180.65,1604.2,9773.082857142856,
2020/2/20,9604.72,1619.0,9648.582857142857,
2020/2/21,9606.86,1643.3,9531.554285714286,
2020/2/22,9696.58,,9416.962857142858,
2020/2/23,9669.63,,9276.358571428571,
2020/2/24,9989.39,1671.65,9114.15,
2020/2/25,9663.75,1650.3,8960.354285714286,
2020/2/26,9309.15,1634.9,8853.07857142857,
2020/2/27,8785.52,1652.0,8773.819999999998,
2020/2/28,8804.72,1609.85,8770.017142857143,
2020/2/29,8712.35,,8807.541428571429,
2020/3/1,8534.17,,8870.904285714285,
2020/3/2,8912.82,1599.65,8922.97,
2020/3/3,8912.82,1615.5,8798.192857142856,
2020/3/4,8754.34,1641.85,8658.067142857142,
2020/3/5,8758.9,1659.6,8533.941428571428,
2020/3/6,9067.39,1683.65,8416.477142857142,
2020/3/7,9155.89,,7811.165714285714,
2020/3/8,8898.63,,7304.471428571428,
2020/3/9,8039.38,1672.5,6771.2757142857145,
2020/3/10,7931.94,1655.7,6386.855714285715,
2020/3/11,7885.46,1653.75,5971.771428571429,
2020/3/12,7936.65,1570.7,5610.650000000001,
2020/3/13,4830.21,1562.8,5249.732857142858,
2020/3/14,5609.03,,5444.731428571429,
2020/3/15,5166.26,,5532.932857142857,
2020/3/16,5348.44,1487.7,5679.160000000001,
2020/3/17,5026.35,1536.2,5746.900000000001,
2020/3/18,5357.61,1498.2,5957.7300000000005,
2020/3/19,5410.23,1474.25,6159.284285714285,
2020/3/20,6195.2,1494.4,6343.317142857142,
2020/3/21,6226.44,,6424.538571428571,
2020/3/22,6189.85,,6444.917142857143,
2020/3/23,5822.62,1525.4,6455.074285714284,
2020/3/24,6502.16,1605.75,6464.044285714285,
2020/3/25,6768.49,1605.45,6450.205714285714,
2020/3/26,6698.46,1634.8,6401.604285714285,
2020/3/27,6763.75,1617.3,6395.09142857143,
2020/3/28,6369.09,,6401.571428571428,
2020/3/29,6260.95,,6454.797142857142,
2020/3/30,5885.41,1618.3,6542.045714285714,
2020/3/31,6405.29,1608.95,6669.478571428573,
2020/4/1,6428.28,1576.55,6803.465714285715,
2020/4/2,6652.87,1616.8,6914.504285714285,
2020/4/3,6809.11,1613.1,7016.241428571428,
2020/4/4,6741.67,,7085.467142857144,
2020/4/5,6871.69,,7104.262857142857,
2020/4/6,6777.44,1648.3,7107.107142857142,
2020/4/7,7343.2,1649.25,7126.811428571428,
2020/4/8,7205.55,1647.8,7057.448571428571,
2020/4/9,7365.03,1680.65,7009.791428571428,
2020/4/10,7293.69,,6903.901428571428,
2020/4/11,6873.24,,6877.984285714286,
2020/4/12,6891.6,,6901.077142857144,
2020/4/13,6915.37,,6953.614285714286,
2020/4/14,6857.66,1741.9,6984.2814285714285,
2020/4/15,6871.95,1718.65,6981.7928571428565,
2020/4/16,6623.8,1729.5,6979.017142857142,
2020/4/17,7112.27,1692.55,7051.472857142858,
2020/4/18,7034.89,,7103.662857142857,
2020/4/19,7259.36,,7171.118571428572,
2020/4/20,7130.04,1686.2,7212.570000000001,
2020/4/21,6840.24,1682.05,7293.888571428572,
2020/4/22,6852.52,1710.55,7429.662857142859,
2020/4/23,7130.99,1736.25,7560.064285714286,
2020/4/24,7477.6,1715.9,7795.298571428572,
2020/4/25,7507.08,,7959.751428571428,
2020/4/26,7549.52,,8147.977142857142,
2020/4/27,7699.27,1714.95,8351.448571428573,
2020/4/28,7790.66,1691.55,8523.545714285716,
2020/4/29,7765.33,1703.35,8680.012857142858,
2020/4/30,8777.63,1702.75,8860.817142857142,
2020/5/1,8628.77,1686.25,8916.982857142857,
2020/5/2,8824.66,,9113.227142857142,
2020/5/3,8973.82,,9255.675714285715,
2020/5/4,8903.95,1709.1,9334.757142857143,
2020/5/5,8885.93,1699.55,9313.40142857143,
2020/5/6,9030.96,1691.5,9275.01857142857,
2020/5/7,9170.79,1704.05,9244.1,
2020/5/8,10002.48,,9263.405714285715,
2020/5/9,9821.8,,9233.095714285713,
2020/5/10,9527.39,,9159.065714285713,
2020/5/11,8754.46,1702.75,9138.824285714285,
2020/5/12,8617.25,1702.4,9269.53,
2020/5/13,8814.53,1708.4,9426.975714285714,
2020/5/14,9305.93,1731.6,9565.720000000001,
2020/5/15,9790.31,1735.35,9594.968571428572,
2020/5/16,9303.59,,9490.29142857143,
2020/5/17,9385.7,,9470.815714285713,
2020/5/18,9669.4,1734.7,9441.19,
2020/5/19,9719.37,1737.95,9307.094285714285,
2020/5/20,9785.74,1748.3,9189.992857142857,
2020/5/21,9510.67,1724.9,9055.294285714286,
2020/5/22,9057.57,1733.55,9010.56142857143,
2020/5/23,9167.26,,9083.652857142857,
2020/5/24,9178.32,,9120.612857142856,
2020/5/25,8730.73,,9194.867142857143,
2020/5/26,8899.66,1720.25,9297.740000000002,
2020/5/27,8842.85,1694.6,9484.107142857143,
2020/5/28,9197.54,1717.35,9581.638571428572,
2020/5/29,9569.21,1728.7,9647.424285714285,
2020/5/30,9425.98,,9679.617142857143,
2020/5/31,9698.1,,9707.869999999999,
2020/6/1,9450.84,1730.6,9703.917142857143,
2020/6/2,10204.23,1742.15,9747.204285714286,
2020/6/3,9525.57,1705.35,9686.97,
2020/6/4,9658.04,1700.05,9722.624285714284,
2020/6/5,9794.56,1683.45,9756.065714285713,
2020/6/6,9623.75,,9683.474285714285,
2020/6/7,9670.43,,9660.077142857142,
2020/6/8,9753.85,1690.35,9631.944285714286,
2020/6/9,9782.59,1713.5,9571.404285714283,
2020/6/10,9775.15,1722.05,9520.562857142857,
2020/6/11,9892.13,1738.25,9484.97,
2020/6/12,9286.42,1733.5,9422.495714285715,
2020/6/13,9459.97,,9435.868571428571,
2020/6/14,9473.5,,9413.037142857142,
2020/6/15,9330.07,1710.45,9396.455714285714,
2020/6/16,9426.7,1719.85,9389.985714285716,
2020/6/17,9526.0,1724.35,9427.871428571427,
2020/6/18,9454.81,1719.5,9441.512857142856,
2020/6/19,9380.03,1734.75,9416.051428571429,
2020/6/20,9300.15,,9396.168571428572,
2020/6/21,9357.43,,9375.354285714286,
2020/6/22,9284.78,1761.85,9324.897142857142,
2020/6/23,9691.9,1768.9,9302.424285714285,
2020/6/24,9621.49,1766.05,9230.06,
2020/6/25,9276.58,1756.55,9160.414285714285,
2020/6/26,9240.85,1747.6,9154.671428571428,
2020/6/27,9154.45,,9132.832857142857,
2020/6/28,9004.23,,9121.114285714284,
2020/6/29,9127.47,1771.6,9139.26857142857,
2020/6/30,9185.35,1768.1,9133.785714285712,
2020/7/1,9133.97,1771.05,9157.151428571427,
2020/7/2,9236.38,1777.45,9174.617142857142,
2020/7/3,9087.98,1772.9,9203.715714285714,
2020/7/4,9072.42,,9225.152857142855,
2020/7/5,9131.31,,9255.864285714286,
2020/7/6,9089.09,1787.9,9270.814285714287,
2020/7/7,9348.91,1789.55,9300.358571428571,
2020/7/8,9256.23,1811.1,9284.532857142856,
2020/7/9,9440.07,1812.1,9284.288571428571,
2020/7/10,9238.04,1803.1,9249.065714285714,
2020/7/11,9287.4,,9233.774285714286,
2020/7/12,9235.96,,9214.744285714285,
2020/7/13,9295.9,1807.5,9205.994285714285,
2020/7/14,9238.13,1801.9,9194.388571428572,
2020/7/15,9254.52,1804.6,9183.78,
2020/7/16,9193.51,1807.7,9203.514285714287,
2020/7/17,9131.0,1807.35,9252.641428571429,
2020/7/18,9154.19,,9321.514285714286,
2020/7/19,9174.71,,9378.24142857143,
2020/7/20,9214.66,1815.65,9454.354285714286,
2020/7/21,9163.87,1842.55,9557.807142857142,
2020/7/22,9392.66,1852.4,9826.16857142857,
2020/7/23,9537.4,1878.3,10046.494285714287,
2020/7/24,9613.11,1902.1,10270.104285714287,
2020/7/25,9551.28,,10484.65,
2020/7/26,9707.5,,10740.735714285716,
2020/7/27,9938.83,1936.65,11043.048571428571,
2020/7/28,11042.4,1940.9,11205.754285714285,
2020/7/29,10934.94,1950.9,11234.350000000002,
2020/7/30,11102.67,1957.65,11271.394285714287,
2020/7/31,11114.93,1964.9,11363.91,
2020/8/1,11343.88,,11457.91142857143,
2020/8/2,11823.69,,11495.300000000001,
2020/8/3,11077.77,1958.55,11487.287142857143,
2020/8/4,11242.57,1977.9,11573.9,
2020/8/5,11194.25,2048.15,11666.822857142857,
2020/8/6,11750.28,2067.15,11695.134285714286,
2020/8/7,11772.94,2031.15,11669.824285714287,
2020/8/8,11605.6,,11670.465714285716,
2020/8/9,11767.6,,11694.577142857144,
2020/8/10,11684.06,2044.5,11709.774285714286,
2020/8/11,11893.03,1939.65,11742.624285714284,
2020/8/12,11392.43,1931.9,11799.865714285714,
2020/8/13,11573.11,1944.25,11882.30857142857,
2020/8/14,11777.43,1944.75,11905.292857142858,
2020/8/15,11774.38,,11917.92,
2020/8/16,11873.98,,11881.98,
2020/8/17,11914.01,1972.85,11854.76,
2020/8/18,12293.72,2008.75,11817.475714285714,
2020/8/19,11969.53,1981.0,11741.79142857143,
2020/8/20,11734.0,1927.15,11651.487142857144,
2020/8/21,11865.82,1924.35,11613.397142857142,
2020/8/22,11522.8,,11532.852857142856,
2020/8/23,11683.44,,11534.56,
2020/8/24,11653.02,1943.95,11505.73142857143,
2020/8/25,11763.93,1911.15,11513.554285714286,
2020/8/26,11337.4,1932.95,11498.645714285713,
2020/8/27,11467.37,1923.85,11582.33857142857,
2020/8/28,11302.01,1957.35,11572.348571428573,
2020/8/29,11534.75,,11413.134285714284,
2020/8/30,11481.64,,11260.725714285714,
2020/8/31,11707.78,,11071.865714285714,
2020/9/1,11659.57,1972.35,10864.315714285713,
2020/9/2,11923.25,1947.05,10679.768571428573,
2020/9/3,11397.44,1940.45,10422.378571428571,
2020/9/4,10187.51,1926.3,10255.29142857143,
2020/9/5,10467.89,,10278.884285714286,
2020/9/6,10159.62,,10268.534285714286,
2020/9/7,10254.93,1928.45,10309.50857142857,
2020/9/8,10367.74,1910.95,10320.342857142858,
2020/9/9,10121.52,1947.2,10364.185714285715,
2020/9/10,10227.83,1966.25,10459.057142857142,
2020/9/11,10352.66,1947.4,10562.0,
2020/9/12,10395.44,,10646.46142857143,
2020/9/13,10446.44,,10723.082857142857,
2020/9/14,10330.77,1958.7,10813.795714285716,
2020/9/15,10674.64,1949.35,10897.921428571428,
2020/9/16,10785.62,1961.8,10863.03857142857,
2020/9/17,10948.43,1936.25,10826.83857142857,
2020/9/18,10943.89,1950.85,10724.845714285713,
2020/9/19,10931.79,,10694.637142857142,
2020/9/20,11081.43,,10660.50142857143,
2020/9/21,10919.65,1909.35,10610.64,
2020/9/22,10430.46,1906.0,10589.867142857142,
2020/9/23,10532.22,1873.4,10627.277142857143,
2020/9/24,10234.48,1861.75,10671.36,
2020/9/25,10732.43,1859.7,10748.994285714285,
2020/9/26,10692.84,,10732.824285714287,
2020/9/27,10732.4,,10715.998571428572,
2020/9/28,10774.24,1864.3,10690.194285714286,
2020/9/29,10692.33,1883.95,10675.797142857142,
2020/9/30,10840.8,1886.9,10689.544285714286,
2020/10/1,10777.92,1902.0,10655.67857142857,
2020/10/2,10619.24,1903.05,10640.375714285712,
2020/10/3,10575.06,,10683.812857142857,
2020/10/4,10551.77,,10753.545714285716,
2020/10/5,10673.46,1909.6,10860.817142857142,
2020/10/6,10788.56,1913.4,10961.267142857143,
2020/10/7,10603.74,1884.5,11068.621428571429,
2020/10/8,10670.8,1887.45,11186.407142857144,
2020/10/9,10923.3,1923.25,11295.052857142857,
2020/10/10,11063.19,,11377.971428571429,
2020/10/11,11302.67,,11415.74,
2020/10/12,11376.61,1925.5,11424.86,
2020/10/13,11540.04,1891.3,11443.658571428572,
2020/10/14,11428.24,1910.05,11474.81857142857,
2020/10/15,11431.32,1891.9,11545.850000000002,
2020/10/16,11503.73,1905.05,11745.884285714286,
2020/10/17,11327.57,,11958.244285714287,
2020/10/18,11366.51,,12189.23714285714,
2020/10/19,11508.2,1905.6,12440.944285714284,
2020/10/20,11758.16,1898.4,12659.31142857143,
2020/10/21,11925.46,1924.15,12847.62714285714,
2020/10/22,12831.56,1900.95,13094.199999999999,
2020/10/23,12990.25,1903.65,13159.548571428571,
2020/10/24,12944.52,,13226.464285714286,
2020/10/25,13128.46,,13315.064285714287,
2020/10/26,13036.77,1898.45,13412.472857142857,
2020/10/27,13076.37,1905.7,13515.63142857143,
2020/10/28,13651.47,1869.95,13586.888571428573,
2020/10/29,13289.0,1870.3,13640.00857142857,
2020/10/30,13458.66,1881.85,13763.807142857142,
2020/10/31,13564.72,,14068.482857142855,
2020/11/1,13810.32,,14358.632857142857,
2020/11/2,13758.88,1889.9,14505.707142857142,
2020/11/3,13575.17,1908.3,14753.095714285713,
2020/11/4,14023.31,1900.15,15003.575714285715,
2020/11/5,14155.59,1938.45,15188.394285714287,
2020/11/6,15591.39,1940.8,15410.26,
2020/11/7,15595.77,,15510.857142857143,
2020/11/8,14839.84,,15617.080000000002,
2020/11/9,15490.6,1867.3,15795.827142857144,
2020/11/10,15328.53,1878.7,15864.050000000001,
2020/11/11,15317.04,1860.95,16063.567142857142,
2020/11/12,15708.65,1874.85,16401.092857142856,
2020/11/13,16295.57,1890.9,16699.635714285712,
2020/11/14,16339.33,,16917.492857142854,
2020/11/15,16091.07,,17252.93857142857,
2020/11/16,15968.16,1885.6,17625.60714285714,
2020/11/17,16725.15,1889.05,17976.195714285717,
2020/11/18,17679.72,1876.1,18215.304285714286,
2020/11/19,17798.45,1857.35,18428.56142857143,
2020/11/20,17820.57,1875.7,18563.04,
2020/11/21,18687.45,,18467.45,
2020/11/22,18699.75,,18246.22428571429,
2020/11/23,18422.28,1840.2,18108.034285714286,
2020/11/24,18398.91,1799.6,18075.079999999998,
2020/11/25,19172.52,1810.2,18262.34,
2020/11/26,18739.8,1807.4,18208.054285714286,
2020/11/27,17151.44,1779.3,18277.649999999998,
2020/11/28,17138.87,,18606.664285714283,
2020/11/29,17732.42,,18825.467142857142,
2020/11/30,18191.6,1762.55,19028.701428571432,
2020/12/1,19709.73,1810.75,19198.13857142857,
2020/12/2,18792.52,1822.6,19122.664285714283,
2020/12/3,19226.97,1832.35,19055.0,
2020/12/4,19454.54,1843.0,18958.882857142857,
2020/12/5,18670.49,,18786.485714285718,
2020/12/6,19155.06,,18694.895714285714,
2020/12/7,19377.66,1859.95,18644.664285714283,
2020/12/8,19181.41,1868.15,18614.21,
2020/12/9,18318.87,1841.75,18627.807142857142,
2020/12/10,18554.15,1844.35,18787.932857142856,
2020/12/11,18247.76,1842.0,19191.551428571427,
2020/12/12,18029.36,,19848.65142857143,
2020/12/13,18803.44,,20580.284285714286,
2020/12/14,19164.48,1831.15,21304.067142857148,
2020/12/15,19276.59,1850.65,21922.08142857143,
2020/12/16,19439.75,1851.95,22417.63714285714,
2020/12/17,21379.48,1890.75,23044.100000000002,
2020/12/18,22847.46,1879.75,23311.79857142857,
2020/12/19,23150.79,,23435.808571428573,
2020/12/20,23869.92,,23656.207142857143,
2020/12/21,23490.58,1880.0,24023.82,
2020/12/22,22745.48,1877.1,24417.534285714286,
2020/12/23,23824.99,1875.0,25030.56428571429,
2020/12/24,23253.37,,25537.904285714285,
2020/12/25,23715.53,,26338.364285714288,
2020/12/26,24693.58,,27090.79714285714,
2020/12/27,26443.21,,27762.25,
2020/12/28,26246.58,,28584.0,
2020/12/29,27036.69,1874.3,29548.885714285712,
2020/12/30,27376.37,1887.6,30262.934285714287,
2020/12/31,28856.59,,31215.83428571428,
2021/1/1,28982.56,,32359.237142857142,
2021/1/2,29393.75,,33859.73428571429,
2021/1/3,32195.46,,35470.66285714286,
2021/1/4,33000.78,1943.2,36619.985714285714,
2021/1/5,32035.03,1940.35,37368.45857142857,
2021/1/6,34046.67,1931.95,37869.874285714286,
2021/1/7,36860.41,1920.1,37864.89571428572,
2021/1/8,39486.04,1862.9,37940.99857142857,
2021/1/9,40670.25,,37894.20285714286,
2021/1/10,40240.72,,37345.38428571429,
2021/1/11,38240.09,1847.25,36748.881428571425,
2021/1/12,35544.94,1841.25,36399.298571428575,
2021/1/13,34011.82,1858.85,36554.64285714286,
2021/1/14,37393.13,1841.75,36841.54428571429,
2021/1/15,39158.47,1839.0,36576.665714285715,
2021/1/16,36828.52,,35382.29571428572,
2021/1/17,36065.2,,34835.70428571429,
2021/1/18,35793.01,1833.05,34269.21,
2021/1/19,36632.35,1834.7,33766.9,
2021/1/20,36020.13,1856.6,33139.887142857144,
2021/1/21,35538.98,1862.1,32642.982857142855,
2021/1/22,30797.88,1852.7,31911.58142857143,
2021/1/23,33002.38,,32283.765714285713,
2021/1/24,32099.74,,32471.17714285714,
2021/1/25,32276.84,1856.85,32788.08571428571,
2021/1/26,32243.26,1856.6,32910.88857142857,
2021/1/27,32541.8,1843.0,33093.694285714286,
2021/1/28,30419.17,1853.7,33520.53142857143,
2021/1/29,33403.17,1863.8,34557.25714285714,
2021/1/30,34314.26,,35071.38857142857,
2021/1/31,34318.1,,35637.724285714285,
2021/2/1,33136.46,1862.95,36352.74714285715,
2021/2/2,33522.9,1833.1,37180.124285714286,
2021/2/3,35529.66,1835.45,39014.61,
2021/2/4,37676.25,1785.9,40594.59857142857,
2021/2/5,37002.09,1802.95,41623.444285714286,
2021/2/6,38278.61,,43196.485714285714,
2021/2/7,39323.26,,44509.741428571426,
2021/2/8,38928.1,1835.25,45632.874285714286,
2021/2/9,46364.3,1839.6,47031.770000000004,
2021/2/10,46589.58,1842.65,47258.56285714286,
2021/2/11,44878.17,1840.1,47625.77999999999,
2021/2/12,48013.38,1816.35,48660.07428571428,
2021/2/13,47471.4,,49173.61285714286,
2021/2/14,47185.19,,50380.055714285714,
2021/2/15,48720.37,1817.3,51639.485714285714,
2021/2/16,47951.85,1794.25,52891.98428571428,
2021/2/17,49160.1,1780.7,53773.63428571429,
2021/2/18,52118.23,1773.15,53733.68142857143,
2021/2/19,51608.15,1786.2,53520.340000000004,
2021/2/20,55916.5,,52833.521428571425,
2021/2/21,56001.2,,51465.49428571428,
2021/2/22,57487.86,1807.45,50059.01857142857,
2021/2/23,54123.4,1799.65,48291.312857142846,
2021/2/24,48880.43,1788.0,47647.74571428571,
2021/2/25,50624.84,1779.65,47572.83285714285,
2021/2/26,46800.42,1742.85,47551.81285714286,
2021/2/27,46340.31,,47787.31142857142,
2021/2/28,46155.87,,48147.46428571428,
2021/3/1,45113.92,1734.15,48536.852857142854,
2021/3/2,49618.43,1723.85,49401.96428571428,
2021/3/3,48356.04,1711.4,49784.950000000004,
2021/3/4,50477.7,1712.1,50717.16142857143,
2021/3/5,48448.91,1696.25,51505.66571428572,
2021/3/6,48861.38,,52836.392857142855,
2021/3/7,48881.59,,54035.235714285714,
2021/3/8,51169.7,1687.05,55803.39857142857,
2021/3/9,52299.33,1716.9,56941.079999999994,
2021/3/10,54881.52,1716.2,57434.707142857136,
2021/3/11,55997.23,1724.25,57719.11571428572,
2021/3/12,57764.0,1704.8,58135.654285714285,
2021/3/13,57253.28,,58121.64000000001,
2021/3/14,61258.73,,58239.042857142864,
2021/3/15,59133.47,1723.65,57785.76714285714,
2021/3/16,55754.72,1735.0,57539.72428571428,
2021/3/17,56872.38,1729.65,57318.33,
2021/3/18,58913.0,1725.9,56976.19857142858,
2021/3/19,57665.9,1735.2,56061.23142857143,
2021/3/20,58075.1,,55168.377142857134,
2021/3/21,58085.8,,54739.71571428572,
2021/3/22,57411.17,1736.15,54422.30571428571,
2021/3/23,54204.96,1726.2,54189.81142857143,
2021/3/24,54477.46,1730.5,54678.770000000004,
2021/3/25,52508.23,1737.3,55286.294285714284,
2021/3/26,51415.92,1731.8,56175.868571428575,
2021/3/27,55074.47,,57221.725714285705,
2021/3/28,55863.93,,57786.99,
2021/3/29,55783.71,1705.95,57960.212857142855,
2021/3/30,57627.67,1683.95,58306.33285714285,
2021/3/31,58730.13,1691.05,58510.108571428565,
2021/4/1,58735.25,1726.05,58408.72714285714,
2021/4/2,58736.92,,58010.444285714286,
2021/4/3,59031.32,,57912.111428571436,
2021/4/4,57076.49,,57779.434285714284,
2021/4/5,58206.55,,58164.79285714286,
2021/4/6,59054.1,1744.65,58415.98142857143,
2021/4/7,58020.46,1738.05,58527.50142857143,
2021/4/8,55947.27,1755.5,59318.07,
2021/4/9,58048.59,1741.2,60321.19142857142,
2021/4/10,58102.58,,61064.625714285714,
2021/4/11,59774.0,,61543.682857142856,
2021/4/12,59964.87,1732.85,61588.409999999996,
2021/4/13,59834.74,1747.95,61057.92571428571,
2021/4/14,63554.44,1735.55,60467.69714285714,
2021/4/15,62969.12,1757.2,59461.049999999996,
2021/4/16,63252.63,1774.45,58152.432857142856,
2021/4/17,61455.98,,56506.58714285714,
2021/4/18,60087.09,,55034.751428571435,
2021/4/19,56251.48,1774.5,53609.52857142858,
2021/4/20,55703.14,1777.85,52584.4,
2021/4/21,56507.91,1798.2,52349.18571428572,
2021/4/22,53808.8,1787.75,52143.978571428575,
2021/4/23,51731.71,1781.8,52297.59285714286,
2021/4/24,51153.13,,52562.22714285715,
2021/4/25,50110.53,,53511.29714285715,
2021/4/26,49075.58,1773.35,54618.00714285714,
2021/4/27,54056.64,1784.15,55694.41857142858,
2021/4/28,55071.46,1772.2,56145.374285714286,
2021/4/29,54884.1,1762.65,55883.98285714286,
2021/4/30,53584.15,1767.65,56253.85857142857,
2021/5/1,57796.62,,56660.14571428572,
2021/5/2,57857.5,,56600.66714285715,
2021/5/3,56610.46,,56753.711428571434,
2021/5/4,57213.33,1797.75,56992.32142857143,
2021/5/5,53241.72,1782.25,56802.345714285715,
2021/5/6,57473.23,1813.15,57303.52857142857,
2021/5/7,56428.16,1836.55,56094.079999999994,
2021/5/8,57380.27,,55133.23857142858,
2021/5/9,58928.81,,54067.84571428572,
2021/5/10,58280.73,1840.45,52326.09857142858,
2021/5/11,55883.5,1829.1,50634.799999999996,
2021/5/12,56750.0,1830.7,48879.47714285714,
2021/5/13,49007.09,1821.8,46902.64714285714,
2021/5/14,49702.27,1838.1,45182.24428571429,
2021/5/15,49922.52,,43908.25142857143,
2021/5/16,46736.58,,42102.22714285714,
2021/5/17,46441.64,1853.7,40786.758571428574,
2021/5/18,43596.24,1866.75,39117.172857142854,
2021/5/19,42912.19,1888.45,38421.794285714284,
2021/5/20,36964.27,1878.3,37778.69571428571,
2021/5/21,40784.32,1875.9,38107.520000000004,
2021/5/22,37280.35,,37773.37285714286,
2021/5/23,37528.3,,37546.125714285714,
2021/5/24,34754.54,1880.15,37134.607142857145,
2021/5/25,38728.59,1887.0,37267.47142857143,
2021/5/26,38410.5,1899.75,37064.892857142855,
2021/5/27,39266.04,1891.45,36815.19857142858,
2021/5/28,38445.29,1899.95,36575.08428571428,
2021/5/29,35689.62,,36681.27,
2021/5/30,34647.67,,36852.11142857143,
2021/5/31,35684.59,,36978.21285714286,
2021/6/1,37310.54,1899.35,36997.01,
2021/6/2,36662.64,1902.75,36454.77142857143,
2021/6/3,37585.24,1866.55,35995.85,
2021/6/4,39188.59,1890.6,35960.58142857143,
2021/6/5,36885.51,,35605.72142857143,
2021/6/6,35530.38,,35666.81714285714,
2021/6/7,35816.17,1888.4,35661.74857142857,
2021/6/8,33514.87,1893.15,36126.12714285714,
2021/6/9,33450.19,1894.6,37127.688571428575,
2021/6/10,37338.36,1888.65,38090.31285714286,
2021/6/11,36704.57,1881.05,38231.24285714286,
2021/6/12,37313.18,,38426.02428571428,
2021/6/13,35494.9,,38199.83,
2021/6/14,39066.82,1865.6,38204.01142857143,
2021/6/15,40525.8,1865.1,37707.65857142857,
2021/6/16,40188.56,1860.75,36444.908571428576,
2021/6/17,38324.87,1778.7,35339.055714285714,
2021/6/18,38068.04,1773.1,34674.74,
2021/6/19,35729.82,,34184.93142857143,
2021/6/20,35524.17,,33600.75428571429,
2021/6/21,35592.35,1775.05,33120.28857142857,
2021/6/22,31686.55,1775.05,32984.874285714286,
2021/6/23,32447.59,1791.6,33380.60571428571,
2021/6/24,33674.66,1784.85,33866.33571428571,
2021/6/25,34639.38,1786.65,34062.43571428571,
2021/6/26,31640.58,,33904.93571428571,
2021/6/27,32160.91,,34221.54714285714,
2021/6/28,34644.45,1780.3,34582.7,
2021/6/29,34456.67,1755.45,34677.67857142857,
2021/6/30,35847.7,1763.15,34576.43571428572,
2021/7/1,35047.36,1781.5,34342.62285714286,
2021/7/2,33536.88,1786.15,34170.00571428572,
2021/7/3,33856.86,,34075.79571428571,
2021/7/4,34688.98,,34070.31857142857,
2021/7/5,35309.3,1791.35,33902.688571428575,
2021/7/6,33747.97,1809.85,33748.16571428572,
2021/7/7,34211.01,1804.65,33663.92,
2021/7/8,33839.04,1807.7,33446.14142857143,
2021/7/9,32877.41,1806.0,33299.794285714284,
2021/7/10,33818.52,,33137.10571428571,
2021/7/11,33515.57,,32794.63857142857,
2021/7/12,34227.64,1792.4,32509.65142857143,
2021/7/13,33158.25,1813.85,32160.487142857142,
2021/7/14,32686.56,1823.2,31825.871428571427,
2021/7/15,32814.61,1823.75,31412.11142857143,
2021/7/16,31738.59,1824.3,31312.604285714282,
2021/7/17,31421.25,,31392.50428571429,
2021/7/18,31520.66,,31701.130000000005,
2021/7/19,31783.49,1814.9,32095.227142857144,
2021/7/20,30815.94,1823.05,32606.899999999998,
2021/7/21,29790.24,1802.15,33535.78571428572,
2021/7/22,32118.06,1799.45,34909.45857142857,
2021/7/23,32297.89,1799.6,36035.81142857143,
2021/7/24,33581.63,,37136.96,
2021/7/25,34279.34,,38370.177142857145,
2021/7/26,35365.2,1800.2,39424.422857142854,
2021/7/27,37318.14,1800.35,40086.602857142854,
2021/7/28,39405.95,1796.6,40354.57428571429,
2021/7/29,40002.53,1829.3,40173.43857142857,
2021/7/30,40005.93,1825.75,40137.38285714285,
2021/7/31,42214.15,,40262.53571428572,
2021/8/1,41659.06,,40349.93571428571,
2021/8/2,40000.46,1811.45,40774.94571428571,
2021/8/3,39193.94,1812.65,41320.042857142864,
2021/8/4,38138.0,1829.1,42339.974285714285,
2021/8/5,39750.14,1800.75,43407.17,
2021/8/6,40882.0,1762.9,44244.50142857143,
2021/8/7,42825.95,,44749.61285714285,
2021/8/8,44634.13,,45465.045714285705,
2021/8/9,43816.14,1738.85,45819.05428571429,
2021/8/10,46333.46,1723.35,46281.950000000004,
2021/8/11,45608.37,1743.6,46231.82,
2021/8/12,45611.46,1747.4,46094.705714285716,
2021/8/13,44417.78,1773.85,45975.62,
2021/8/14,47833.98,,46306.601428571434,
2021/8/15,47112.19,,46519.99714285715,
2021/8/16,47056.41,1786.35,46779.972857142864,
2021/8/17,45982.55,1789.45,47105.58285714285,
2021/8/18,44648.57,1783.45,47611.432857142856,
2021/8/19,44777.86,1782.05,48053.719999999994,
2021/8/20,46734.65,1779.05,48652.89571428572,
2021/8/21,49327.75,,48685.48857142857,
2021/8/22,48932.02,,48646.79,
2021/8/23,49335.68,1802.0,48641.880000000005,
2021/8/24,49523.5,1808.45,48566.322857142855,
2021/8/25,47744.58,1788.7,48216.50428571429,
2021/8/26,48972.09,1786.6,48132.40285714286,
2021/8/27,46962.8,1798.5,48116.78428571428,
2021/8/28,49056.86,,48454.81428571429,
2021/8/29,48897.65,,48594.595714285715,
2021/8/30,48806.78,,48744.55714285715,
2021/8/31,47074.77,1814.85,49167.74,
2021/9/1,47155.87,1811.8,49968.11571428572,
2021/9/2,48862.76,1812.55,49918.58714285714,
2021/9/3,49329.01,1823.7,49520.81857142857,
2021/9/4,50035.33,,0.0,0.0
2021/9/5,49947.38,,0.0,0.0
2021/9/6,51769.06,1821.6,0.0,0.0
2021/9/7,52677.4,1802.15,0.0,0.0
2021/9/8,46809.17,1786.0,0.0,0.0
2021/9/9,46078.38,1788.25,0.0,0.0
2021/9/10,46368.69,1794.6,0.0,0.0
